DATE,DSPX
06/19/2014,17.81
06/20/2014,17.37
06/23/2014,17.7
06/24/2014,16.59
06/25/2014,17.78
06/26/2014,17.43
06/27/2014,18.09
06/30/2014,19.41
07/01/2014,19.43
07/02/2014,19.54
07/03/2014,20.6
07/07/2014,20.27
07/08/2014,21.15
07/09/2014,21.94
07/10/2014,20.32
07/11/2014,20.61
07/14/2014,20.79
07/15/2014,21.15
07/16/2014,21.7
07/17/2014,20.37
07/18/2014,20.14
07/21/2014,20.55
07/22/2014,20.02
07/23/2014,17.54
07/24/2014,17.0
07/25/2014,16.18
07/28/2014,16.7
07/29/2014,15.71
07/30/2014,15.47
07/31/2014,15.1
08/01/2014,16.16
08/04/2014,17.36
08/05/2014,16.85
08/06/2014,17.5
08/07/2014,15.92
08/08/2014,16.39
08/11/2014,16.98
08/12/2014,16.28
08/13/2014,15.87
08/14/2014,15.71
08/15/2014,14.76
08/18/2014,14.67
08/19/2014,14.14
08/20/2014,14.3
08/21/2014,14.24
08/22/2014,14.3
08/25/2014,14.82
08/26/2014,14.76
08/27/2014,14.88
08/28/2014,15.12
08/29/2014,15.43
09/02/2014,16.14
09/03/2014,18.14
09/04/2014,17.5
09/05/2014,18.0
09/08/2014,18.18
09/09/2014,17.2
09/10/2014,16.8
09/11/2014,16.44
09/12/2014,16.86
09/15/2014,16.83
09/16/2014,17.18
09/17/2014,16.85
09/18/2014,19.91
09/19/2014,19.31
09/22/2014,18.79
09/23/2014,18.32
09/24/2014,18.96
09/25/2014,19.58
09/26/2014,19.29
09/29/2014,20.17
09/30/2014,20.01
10/01/2014,21.26
10/02/2014,21.67
10/03/2014,21.49
10/06/2014,21.81
10/07/2014,21.9
10/08/2014,23.1
10/09/2014,22.15
10/10/2014,22.92
10/13/2014,25.0
10/14/2014,25.25
10/15/2014,26.57
10/16/2014,26.44
10/17/2014,24.51
10/20/2014,24.88
10/21/2014,22.61
10/22/2014,21.42
10/23/2014,21.21
10/24/2014,19.86
10/27/2014,20.79
10/28/2014,20.69
10/29/2014,19.53
10/30/2014,19.13
10/31/2014,19.08
11/03/2014,19.21
11/04/2014,19.18
11/05/2014,19.7
11/06/2014,19.53
11/07/2014,19.45
11/10/2014,19.37
11/11/2014,18.7
11/12/2014,18.86
11/13/2014,18.69
11/14/2014,19.56
11/17/2014,20.47
11/18/2014,20.03
11/19/2014,19.36
11/20/2014,19.64
11/21/2014,19.67
11/24/2014,18.62
11/25/2014,18.98
11/26/2014,19.09
11/28/2014,19.73
12/01/2014,21.34
12/02/2014,21.45
12/03/2014,21.29
12/04/2014,21.34
12/05/2014,21.16
12/08/2014,22.09
12/09/2014,22.05
12/10/2014,22.17
12/11/2014,18.6
12/12/2014,20.4
12/15/2014,23.88
12/16/2014,23.72
12/17/2014,24.65
12/18/2014,21.57
12/19/2014,20.37
12/22/2014,20.73
12/23/2014,20.82
12/24/2014,21.22
12/26/2014,21.12
12/29/2014,21.51
12/30/2014,20.82
12/31/2014,19.06
01/02/2015,21.73
01/05/2015,22.62
01/06/2015,22.87
01/07/2015,23.22
01/08/2015,24.82
01/09/2015,24.44
01/12/2015,24.4
01/13/2015,23.61
01/14/2015,23.25
01/15/2015,23.29
01/16/2015,22.7
01/20/2015,21.88
01/21/2015,21.39
01/22/2015,21.63
01/23/2015,20.94
01/26/2015,22.91
01/27/2015,22.74
01/28/2015,20.55
01/29/2015,20.22
01/30/2015,17.58
02/02/2015,19.46
02/03/2015,19.79
02/04/2015,18.85
02/05/2015,18.43
02/06/2015,17.63
02/09/2015,18.1
02/10/2015,18.19
02/11/2015,16.65
02/12/2015,17.91
02/13/2015,17.9
02/17/2015,18.33
02/18/2015,18.15
02/19/2015,18.03
02/20/2015,18.21
02/23/2015,17.81
02/24/2015,17.89
02/25/2015,17.9
02/26/2015,18.19
02/27/2015,18.45
03/02/2015,19.19
03/03/2015,18.86
03/04/2015,19.03
03/05/2015,19.12
03/06/2015,19.11
03/09/2015,19.51
03/10/2015,19.75
03/11/2015,17.66
03/12/2015,18.52
03/13/2015,18.76
03/16/2015,19.5
03/17/2015,19.3
03/18/2015,19.74
03/19/2015,19.37
03/20/2015,18.84
03/23/2015,19.04
03/24/2015,18.74
03/25/2015,19.62
03/26/2015,20.2
03/27/2015,21.09
03/30/2015,21.35
03/31/2015,21.41
04/01/2015,21.95
04/02/2015,21.76
04/06/2015,22.75
04/07/2015,22.1
04/08/2015,23.65
04/09/2015,23.92
04/10/2015,23.98
04/13/2015,23.78
04/14/2015,23.92
04/15/2015,23.74
04/16/2015,23.52
04/17/2015,23.95
04/20/2015,22.27
04/21/2015,22.01
04/22/2015,22.1
04/23/2015,21.28
04/24/2015,20.35
04/27/2015,20.42
04/28/2015,20.02
04/29/2015,20.05
04/30/2015,20.08
05/01/2015,19.8
05/04/2015,18.94
05/05/2015,18.73
05/06/2015,17.98
05/07/2015,17.07
05/08/2015,17.01
05/11/2015,16.65
05/12/2015,17.17
05/13/2015,16.44
05/14/2015,16.44
05/15/2015,16.27
05/18/2015,14.94
05/19/2015,14.97
05/20/2015,15.1
05/21/2015,15.47
05/22/2015,14.97
05/26/2015,15.79
05/27/2015,15.86
05/28/2015,15.73
05/29/2015,15.58
06/01/2015,15.22
06/02/2015,15.2
06/03/2015,15.47
06/04/2015,15.49
06/05/2015,16.04
06/08/2015,15.96
06/09/2015,16.37
06/10/2015,14.49
06/11/2015,15.01
06/12/2015,15.01
06/15/2015,15.61
06/16/2015,15.88
06/17/2015,16.54
06/18/2015,16.48
06/19/2015,15.76
06/22/2015,15.36
06/23/2015,16.56
06/24/2015,16.27
06/25/2015,16.13
06/26/2015,16.54
06/29/2015,16.45
06/30/2015,16.72
07/01/2015,18.05
07/02/2015,17.54
07/06/2015,18.73
07/07/2015,20.33
07/08/2015,20.2
07/09/2015,20.82
07/10/2015,21.67
07/13/2015,22.06
07/14/2015,21.87
07/15/2015,21.52
07/16/2015,21.21
07/17/2015,22.47
07/20/2015,23.59
07/21/2015,23.05
07/22/2015,21.8
07/23/2015,22.24
07/24/2015,22.32
07/27/2015,22.07
07/28/2015,22.14
07/29/2015,21.25
07/30/2015,20.04
07/31/2015,20.38
08/03/2015,21.32
08/04/2015,21.53
08/05/2015,21.29
08/06/2015,22.19
08/07/2015,22.61
08/10/2015,21.75
08/11/2015,22.94
08/12/2015,22.19
08/13/2015,21.43
08/14/2015,21.25
08/17/2015,21.4
08/18/2015,20.65
08/19/2015,20.88
08/20/2015,22.96
08/21/2015,23.79
08/24/2015,23.71
08/25/2015,23.82
08/26/2015,24.31
08/27/2015,24.08
08/28/2015,23.19
08/31/2015,23.94
09/01/2015,26.54
09/02/2015,26.3
09/03/2015,25.22
09/04/2015,25.41
09/08/2015,25.56
09/09/2015,21.32
09/10/2015,23.31
09/11/2015,23.47
09/14/2015,24.17
09/15/2015,23.03
09/16/2015,22.4
09/17/2015,21.13
09/18/2015,21.04
09/21/2015,21.3
09/22/2015,22.2
09/23/2015,22.48
09/24/2015,23.8
09/25/2015,23.2
09/28/2015,25.82
09/29/2015,27.02
09/30/2015,26.54
10/01/2015,26.82
10/02/2015,26.9
10/05/2015,26.99
10/06/2015,26.95
10/07/2015,29.61
10/08/2015,29.86
10/09/2015,29.16
10/12/2015,28.81
10/13/2015,28.53
10/14/2015,27.44
10/15/2015,27.18
10/16/2015,26.64
10/19/2015,26.37
10/20/2015,26.54
10/21/2015,26.33
10/22/2015,26.39
10/23/2015,24.09
10/26/2015,25.34
10/27/2015,24.79
10/28/2015,22.55
10/29/2015,22.32
10/30/2015,21.5
11/02/2015,21.7
11/03/2015,21.23
11/04/2015,21.08
11/05/2015,21.23
11/06/2015,21.12
11/09/2015,20.96
11/10/2015,21.33
11/11/2015,19.21
11/12/2015,19.22
11/13/2015,19.53
11/16/2015,22.14
11/17/2015,20.89
11/18/2015,20.9
11/19/2015,21.32
11/20/2015,20.9
11/23/2015,19.74
11/24/2015,20.22
11/25/2015,19.74
11/27/2015,20.54
11/30/2015,20.06
12/01/2015,20.77
12/02/2015,20.44
12/03/2015,20.57
12/04/2015,21.3
12/07/2015,21.6
12/08/2015,22.32
12/09/2015,19.43
12/10/2015,19.22
12/11/2015,19.12
12/14/2015,22.79
12/15/2015,22.31
12/16/2015,21.76
12/17/2015,21.18
12/18/2015,21.11
12/21/2015,20.51
12/22/2015,20.38
12/23/2015,20.25
12/24/2015,20.21
12/28/2015,21.18
12/29/2015,20.93
12/30/2015,20.64
12/31/2015,20.82
01/04/2016,24.18
01/05/2016,24.31
01/06/2016,25.92
01/07/2016,25.25
01/08/2016,23.44
01/11/2016,25.6
01/12/2016,25.46
01/13/2016,25.42
01/14/2016,25.07
01/15/2016,25.88
01/19/2016,25.61
01/20/2016,27.57
01/21/2016,25.75
01/22/2016,25.61
01/25/2016,26.35
01/26/2016,26.97
01/27/2016,26.48
01/28/2016,26.55
01/29/2016,23.39
02/01/2016,23.8
02/02/2016,22.66
02/03/2016,23.98
02/04/2016,23.66
02/05/2016,25.43
02/08/2016,26.7
02/09/2016,26.62
02/10/2016,24.79
02/11/2016,24.42
02/12/2016,24.94
02/16/2016,24.31
02/17/2016,23.25
02/18/2016,23.81
02/19/2016,23.12
02/22/2016,21.66
02/23/2016,21.01
02/24/2016,22.01
02/25/2016,21.96
02/26/2016,21.49
02/29/2016,21.25
03/01/2016,21.11
03/02/2016,21.36
03/03/2016,21.19
03/04/2016,20.9
03/07/2016,21.96
03/08/2016,21.52
03/09/2016,19.6
03/10/2016,20.43
03/11/2016,20.67
03/14/2016,21.12
03/15/2016,20.94
03/16/2016,21.71
03/17/2016,20.73
03/18/2016,21.34
03/21/2016,19.94
03/22/2016,20.02
03/23/2016,19.77
03/24/2016,20.39
03/28/2016,21.55
03/29/2016,21.86
03/30/2016,21.57
03/31/2016,21.76
04/01/2016,22.5
04/04/2016,22.85
04/05/2016,23.35
04/06/2016,24.71
04/07/2016,24.82
04/08/2016,24.49
04/11/2016,24.58
04/12/2016,25.15
04/13/2016,24.31
04/14/2016,24.25
04/15/2016,24.74
04/18/2016,23.62
04/19/2016,23.18
04/20/2016,22.71
04/21/2016,22.89
04/22/2016,21.61
04/25/2016,21.37
04/26/2016,21.44
04/27/2016,20.61
04/28/2016,20.5
04/29/2016,19.9
05/02/2016,20.23
05/03/2016,19.96
05/04/2016,19.83
05/05/2016,19.84
05/06/2016,20.22
05/09/2016,20.22
05/10/2016,19.42
05/11/2016,17.14
05/12/2016,18.21
05/13/2016,18.31
05/16/2016,19.11
05/17/2016,18.75
05/18/2016,18.67
05/19/2016,19.57
05/20/2016,18.01
05/23/2016,16.4
05/24/2016,16.39
05/25/2016,16.6
05/26/2016,16.58
05/27/2016,16.47
05/31/2016,17.0
06/01/2016,16.96
06/02/2016,17.07
06/03/2016,16.91
06/06/2016,17.7
06/07/2016,17.03
06/08/2016,15.14
06/09/2016,15.34
06/10/2016,14.61
06/13/2016,13.9
06/14/2016,16.2
06/15/2016,15.59
06/16/2016,19.51
06/17/2016,19.53
06/20/2016,17.85
06/21/2016,17.87
06/22/2016,17.63
06/23/2016,18.34
06/24/2016,18.53
06/27/2016,22.11
06/28/2016,21.29
06/29/2016,20.83
06/30/2016,21.04
07/01/2016,21.43
07/05/2016,23.37
07/06/2016,25.53
07/07/2016,25.4
07/08/2016,24.64
07/11/2016,24.12
07/12/2016,24.39
07/13/2016,24.04
07/14/2016,23.89
07/15/2016,23.45
07/18/2016,22.88
07/19/2016,23.09
07/20/2016,22.22
07/21/2016,21.99
07/22/2016,21.44
07/25/2016,21.86
07/26/2016,21.68
07/27/2016,21.1
07/28/2016,20.18
07/29/2016,17.58
08/01/2016,18.0
08/02/2016,18.65
08/03/2016,18.08
08/04/2016,17.76
08/05/2016,18.22
08/08/2016,18.37
08/09/2016,17.67
08/10/2016,15.3
08/11/2016,15.65
08/12/2016,15.59
08/15/2016,16.65
08/16/2016,16.9
08/17/2016,17.76
08/18/2016,17.8
08/19/2016,16.96
08/22/2016,15.52
08/23/2016,15.42
08/24/2016,15.81
08/25/2016,16.42
08/26/2016,16.25
08/29/2016,17.01
08/30/2016,17.36
08/31/2016,17.61
09/01/2016,17.9
09/02/2016,18.12
09/06/2016,19.32
09/07/2016,15.92
09/08/2016,15.84
09/09/2016,14.75
09/12/2016,17.34
09/13/2016,16.55
09/14/2016,14.52
09/15/2016,15.71
09/16/2016,15.59
09/19/2016,15.99
09/20/2016,16.22
09/21/2016,17.42
09/22/2016,17.8
09/23/2016,18.57
09/26/2016,19.66
09/27/2016,20.18
09/28/2016,20.57
09/29/2016,21.27
09/30/2016,20.86
10/03/2016,22.07
10/04/2016,22.5
10/05/2016,22.92
10/06/2016,23.24
10/07/2016,22.95
10/10/2016,23.27
10/11/2016,23.33
10/12/2016,24.03
10/13/2016,24.02
10/14/2016,24.13
10/17/2016,24.5
10/18/2016,24.36
10/19/2016,24.92
10/20/2016,24.41
10/21/2016,25.19
10/24/2016,23.83
10/25/2016,23.26
10/26/2016,22.22
10/27/2016,21.45
10/28/2016,19.72
10/31/2016,19.12
11/01/2016,19.98
11/02/2016,19.13
11/03/2016,16.15
11/04/2016,15.68
11/07/2016,17.48
11/08/2016,17.3
11/09/2016,17.71
11/10/2016,20.54
11/11/2016,20.75
11/14/2016,23.38
11/15/2016,22.5
11/16/2016,22.28
11/17/2016,21.82
11/18/2016,21.02
11/21/2016,19.36
11/22/2016,19.62
11/23/2016,19.32
11/25/2016,19.82
11/28/2016,20.2
11/29/2016,20.21
11/30/2016,20.28
12/01/2016,21.66
12/02/2016,20.8
12/05/2016,21.06
12/06/2016,21.1
12/07/2016,18.71
12/08/2016,19.34
12/09/2016,19.38
12/12/2016,20.17
12/13/2016,19.99
12/14/2016,19.33
12/15/2016,19.63
12/16/2016,19.33
12/19/2016,19.15
12/20/2016,19.05
12/21/2016,19.21
12/22/2016,18.45
12/23/2016,18.32
12/27/2016,19.86
12/28/2016,20.18
12/29/2016,20.24
12/30/2016,21.02
01/03/2017,22.31
01/04/2017,22.34
01/05/2017,22.42
01/06/2017,22.29
01/09/2017,23.05
01/10/2017,22.81
01/11/2017,22.89
01/12/2017,23.2
01/13/2017,22.53
01/17/2017,23.12
01/18/2017,22.37
01/19/2017,21.84
01/20/2017,21.12
01/23/2017,20.12
01/24/2017,20.28
01/25/2017,20.22
01/26/2017,20.63
01/27/2017,18.65
01/30/2017,19.49
01/31/2017,19.29
02/01/2017,18.97
02/02/2017,18.28
02/03/2017,17.12
02/06/2017,16.78
02/07/2017,16.5
02/08/2017,14.98
02/09/2017,14.99
02/10/2017,14.54
02/13/2017,15.19
02/14/2017,15.89
02/15/2017,15.41
02/16/2017,15.19
02/17/2017,15.3
02/21/2017,14.58
02/22/2017,14.65
02/23/2017,14.59
02/24/2017,15.07
02/27/2017,15.02
02/28/2017,14.89
03/01/2017,14.64
03/02/2017,15.28
03/03/2017,15.16
03/06/2017,15.46
03/07/2017,15.21
03/08/2017,13.5
03/09/2017,13.66
03/10/2017,13.87
03/13/2017,14.58
03/14/2017,13.99
03/15/2017,14.02
03/16/2017,13.6
03/17/2017,12.71
03/20/2017,11.97
03/21/2017,13.47
03/22/2017,13.28
03/23/2017,13.81
03/24/2017,14.12
03/27/2017,15.47
03/28/2017,15.49
03/29/2017,15.53
03/30/2017,15.46
03/31/2017,15.0
04/03/2017,16.2
04/04/2017,16.81
04/05/2017,17.13
04/06/2017,17.28
04/07/2017,17.39
04/10/2017,17.69
04/11/2017,17.97
04/12/2017,18.33
04/13/2017,17.67
04/17/2017,18.56
04/18/2017,19.36
04/19/2017,18.23
04/20/2017,18.06
04/21/2017,17.95
04/24/2017,17.91
04/25/2017,18.26
04/26/2017,18.62
04/27/2017,18.59
04/28/2017,16.02
05/01/2017,16.58
05/02/2017,16.45
05/03/2017,15.56
05/04/2017,15.54
05/05/2017,14.96
05/08/2017,15.86
05/09/2017,16.09
05/10/2017,14.45
05/11/2017,14.35
05/12/2017,15.16
05/15/2017,15.13
05/16/2017,14.86
05/17/2017,15.43
05/18/2017,15.06
05/19/2017,15.17
05/22/2017,14.69
05/23/2017,14.89
05/24/2017,15.22
05/25/2017,15.1
05/26/2017,15.04
05/30/2017,15.88
05/31/2017,16.1
06/01/2017,15.99
06/02/2017,16.1
06/05/2017,16.36
06/06/2017,16.03
06/07/2017,14.53
06/08/2017,15.15
06/09/2017,17.35
06/12/2017,17.94
06/13/2017,16.88
06/14/2017,16.43
06/15/2017,17.19
06/16/2017,16.48
06/19/2017,16.29
06/20/2017,16.78
06/21/2017,17.41
06/22/2017,18.73
06/23/2017,18.56
06/26/2017,20.05
06/27/2017,20.93
06/28/2017,20.89
06/29/2017,22.0
06/30/2017,20.96
07/03/2017,22.12
07/05/2017,22.27
07/06/2017,22.02
07/07/2017,21.89
07/10/2017,22.55
07/11/2017,22.49
07/12/2017,22.98
07/13/2017,22.88
07/14/2017,22.45
07/17/2017,22.8
07/18/2017,23.21
07/19/2017,23.28
07/20/2017,23.23
07/21/2017,22.2
07/24/2017,22.05
07/25/2017,21.49
07/26/2017,20.96
07/27/2017,21.0
07/28/2017,19.26
07/31/2017,19.32
08/01/2017,19.15
08/02/2017,18.64
08/03/2017,18.36
08/04/2017,18.09
08/07/2017,18.51
08/08/2017,18.67
08/09/2017,17.43
08/10/2017,16.62
08/11/2017,16.2
08/14/2017,16.67
08/15/2017,17.17
08/16/2017,17.18
08/17/2017,16.88
08/18/2017,17.65
08/21/2017,17.18
08/22/2017,17.52
08/23/2017,17.43
08/24/2017,17.42
08/25/2017,17.28
08/28/2017,17.69
08/29/2017,17.51
08/30/2017,18.17
08/31/2017,18.47
09/01/2017,18.29
09/05/2017,18.87
09/06/2017,17.28
09/07/2017,17.77
09/08/2017,17.6
09/11/2017,18.46
09/12/2017,18.16
09/13/2017,16.7
09/14/2017,17.06
09/15/2017,17.95
09/18/2017,17.54
09/19/2017,17.4
09/20/2017,18.04
09/21/2017,17.77
09/22/2017,17.97
09/25/2017,20.14
09/26/2017,20.06
09/27/2017,20.06
09/28/2017,20.45
09/29/2017,19.94
10/02/2017,21.08
10/03/2017,21.27
10/04/2017,21.41
10/05/2017,21.71
10/06/2017,21.59
10/09/2017,22.09
10/10/2017,22.58
10/11/2017,22.72
10/12/2017,22.71
10/13/2017,22.48
10/16/2017,22.94
10/17/2017,22.81
10/18/2017,22.58
10/19/2017,22.62
10/20/2017,22.99
10/23/2017,22.13
10/24/2017,22.01
10/25/2017,22.29
10/26/2017,22.04
10/27/2017,21.4
10/30/2017,22.26
10/31/2017,22.4
11/01/2017,22.61
11/02/2017,21.55
11/03/2017,21.15
11/06/2017,20.92
11/07/2017,20.66
11/08/2017,19.47
11/09/2017,19.47
11/10/2017,18.55
11/13/2017,19.25
11/14/2017,19.01
11/15/2017,18.62
11/16/2017,18.45
11/17/2017,18.22
11/20/2017,18.14
11/21/2017,17.95
11/22/2017,17.79
11/24/2017,18.09
11/27/2017,18.71
11/28/2017,19.04
11/29/2017,21.53
11/30/2017,20.57
12/01/2017,21.03
12/04/2017,23.62
12/05/2017,21.99
12/06/2017,19.24
12/07/2017,18.55
12/08/2017,18.41
12/11/2017,18.85
12/12/2017,19.33
12/13/2017,17.79
12/14/2017,17.87
12/15/2017,17.71
12/18/2017,18.37
12/19/2017,18.43
12/20/2017,18.48
12/21/2017,18.43
12/22/2017,18.15
12/26/2017,19.95
12/27/2017,19.8
12/28/2017,19.79
12/29/2017,20.18
01/02/2018,21.78
01/03/2018,22.2
01/04/2018,22.26
01/05/2018,22.21
01/08/2018,23.09
01/09/2018,22.91
01/10/2018,22.79
01/11/2018,23.07
01/12/2018,23.59
01/16/2018,24.89
01/17/2018,24.95
01/18/2018,24.57
01/19/2018,24.13
01/22/2018,23.91
01/23/2018,24.53
01/24/2018,25.52
01/25/2018,25.97
01/26/2018,26.34
01/29/2018,28.85
01/30/2018,27.64
01/31/2018,27.27
02/01/2018,24.79
02/02/2018,21.91
02/05/2018,7.54
02/06/2018,9.62
02/07/2018,14.05
02/08/2018,0.0
02/09/2018,20.92
02/12/2018,17.67
02/13/2018,17.06
02/14/2018,20.73
02/15/2018,19.89
02/16/2018,18.89
02/20/2018,18.34
02/21/2018,18.34
02/22/2018,18.44
02/23/2018,18.32
02/26/2018,18.98
02/27/2018,18.02
02/28/2018,18.2
03/01/2018,18.85
03/02/2018,20.59
03/05/2018,20.29
03/06/2018,19.95
03/07/2018,18.96
03/08/2018,18.41
03/09/2018,17.81
03/12/2018,18.83
03/13/2018,19.82
03/14/2018,18.36
03/15/2018,18.32
03/16/2018,17.44
03/19/2018,18.84
03/20/2018,19.34
03/21/2018,20.16
03/22/2018,20.07
03/23/2018,21.33
03/26/2018,22.99
03/27/2018,25.4
03/28/2018,26.94
03/29/2018,25.17
04/02/2018,27.68
04/03/2018,27.06
04/04/2018,26.04
04/05/2018,25.84
04/06/2018,27.03
04/09/2018,26.78
04/10/2018,26.22
04/11/2018,25.72
04/12/2018,25.8
04/13/2018,26.01
04/16/2018,25.29
04/17/2018,24.58
04/18/2018,24.84
04/19/2018,26.35
04/20/2018,26.69
04/23/2018,25.81
04/24/2018,26.14
04/25/2018,25.15
04/26/2018,23.6
04/27/2018,21.42
04/30/2018,21.16
05/01/2018,21.18
05/02/2018,20.25
05/03/2018,20.25
05/04/2018,19.66
05/07/2018,20.22
05/08/2018,20.29
05/09/2018,19.29
05/10/2018,19.04
05/11/2018,18.38
05/14/2018,18.7
05/15/2018,18.85
05/16/2018,19.09
05/17/2018,18.72
05/18/2018,18.3
05/21/2018,17.7
05/22/2018,17.58
05/23/2018,17.97
05/24/2018,17.94
05/25/2018,17.46
05/29/2018,16.93
05/30/2018,17.03
05/31/2018,17.43
06/01/2018,17.42
06/04/2018,18.7
06/05/2018,18.93
06/06/2018,16.86
06/07/2018,17.16
06/08/2018,16.73
06/11/2018,17.81
06/12/2018,17.69
06/13/2018,16.23
06/14/2018,17.2
06/15/2018,17.59
06/18/2018,18.97
06/19/2018,19.76
06/20/2018,20.45
06/21/2018,19.7
06/22/2018,19.6
06/25/2018,21.05
06/26/2018,21.24
06/27/2018,21.61
06/28/2018,21.82
06/29/2018,22.34
07/02/2018,22.21
07/03/2018,22.5
07/05/2018,22.74
07/06/2018,22.73
07/09/2018,23.04
07/10/2018,22.77
07/11/2018,23.08
07/12/2018,23.22
07/13/2018,23.04
07/16/2018,23.6
07/17/2018,23.65
07/18/2018,23.45
07/19/2018,23.93
07/20/2018,22.39
07/23/2018,21.62
07/24/2018,21.05
07/25/2018,20.54
07/26/2018,20.56
07/27/2018,19.03
07/30/2018,19.75
07/31/2018,19.91
08/01/2018,18.79
08/02/2018,18.48
08/03/2018,17.79
08/06/2018,17.83
08/07/2018,18.14
08/08/2018,16.44
08/09/2018,16.24
08/10/2018,15.63
08/13/2018,15.14
08/14/2018,15.8
08/15/2018,16.06
08/16/2018,16.58
08/17/2018,16.08
08/20/2018,16.25
08/21/2018,15.92
08/22/2018,16.21
08/23/2018,16.16
08/24/2018,16.02
08/27/2018,16.62
08/28/2018,16.37
08/29/2018,16.55
08/30/2018,16.71
08/31/2018,17.29
09/04/2018,19.03
09/05/2018,19.98
09/06/2018,19.87
09/07/2018,19.44
09/10/2018,20.62
09/11/2018,20.78
09/12/2018,18.89
09/13/2018,18.98
09/14/2018,18.85
09/17/2018,20.99
09/18/2018,20.23
09/19/2018,20.8
09/20/2018,20.42
09/21/2018,22.06
09/24/2018,20.71
09/25/2018,20.57
09/26/2018,20.91
09/27/2018,21.02
09/28/2018,21.31
10/01/2018,22.28
10/02/2018,23.34
10/03/2018,23.67
10/04/2018,24.95
10/05/2018,24.91
10/08/2018,25.98
10/09/2018,25.74
10/10/2018,26.91
10/11/2018,27.57
10/12/2018,26.61
10/15/2018,27.35
10/16/2018,26.46
10/17/2018,26.79
10/18/2018,27.83
10/19/2018,26.99
10/22/2018,26.58
10/23/2018,27.21
10/24/2018,31.01
10/25/2018,27.26
10/26/2018,27.87
10/29/2018,30.78
10/30/2018,29.55
10/31/2018,27.19
11/01/2018,26.66
11/02/2018,25.77
11/05/2018,25.41
11/06/2018,23.54
11/07/2018,21.44
11/08/2018,21.56
11/09/2018,22.73
11/12/2018,25.55
11/13/2018,25.24
11/14/2018,25.77
11/15/2018,25.36
11/16/2018,24.6
11/19/2018,27.14
11/20/2018,28.38
11/21/2018,25.76
11/23/2018,26.45
11/26/2018,25.39
11/27/2018,24.48
11/28/2018,23.05
11/29/2018,22.97
11/30/2018,23.08
12/03/2018,20.91
12/04/2018,23.58
12/06/2018,25.16
12/07/2018,26.79
12/10/2018,26.83
12/11/2018,25.87
12/12/2018,22.1
12/13/2018,22.14
12/14/2018,24.42
12/17/2018,26.84
12/18/2018,26.23
12/19/2018,27.74
12/20/2018,28.82
12/21/2018,31.71
12/24/2018,31.27
12/26/2018,31.23
12/27/2018,31.28
12/28/2018,29.65
12/31/2018,28.93
01/02/2019,29.61
01/03/2019,31.2
01/04/2019,29.21
01/07/2019,29.94
01/08/2019,29.09
01/09/2019,28.7
01/10/2019,28.5
01/11/2019,28.09
01/14/2019,27.73
01/15/2019,26.67
01/16/2019,25.7
01/17/2019,25.71
01/18/2019,24.17
01/22/2019,25.5
01/23/2019,25.68
01/24/2019,25.85
01/25/2019,24.55
01/28/2019,25.4
01/29/2019,25.38
01/30/2019,23.78
01/31/2019,22.64
02/01/2019,21.2
02/04/2019,20.86
02/05/2019,19.58
02/06/2019,18.96
02/07/2019,19.71
02/08/2019,20.68
02/11/2019,20.83
02/12/2019,20.04
02/13/2019,19.52
02/14/2019,19.53
02/15/2019,19.73
02/19/2019,18.74
02/20/2019,19.04
02/21/2019,19.08
02/22/2019,18.9
02/25/2019,18.35
02/26/2019,17.96
02/27/2019,18.2
02/28/2019,18.29
03/01/2019,18.69
03/04/2019,19.8
03/05/2019,19.11
03/06/2019,17.38
03/07/2019,17.98
03/08/2019,18.8
03/11/2019,18.67
03/12/2019,18.9
03/13/2019,17.43
03/14/2019,17.93
03/15/2019,18.47
03/18/2019,18.44
03/19/2019,19.22
03/20/2019,19.63
03/21/2019,19.76
03/22/2019,20.03
03/25/2019,21.25
03/26/2019,21.59
03/27/2019,22.05
03/28/2019,21.78
03/29/2019,21.2
04/01/2019,21.3
04/02/2019,21.77
04/03/2019,21.82
04/04/2019,22.32
04/05/2019,22.42
04/08/2019,23.19
04/09/2019,24.04
04/10/2019,24.01
04/11/2019,24.31
04/12/2019,24.52
04/15/2019,24.78
04/16/2019,24.03
04/17/2019,24.32
04/18/2019,23.2
04/22/2019,22.53
04/23/2019,22.42
04/24/2019,22.24
04/25/2019,21.03
04/26/2019,20.45
04/29/2019,20.18
04/30/2019,19.17
05/01/2019,17.63
05/02/2019,18.4
05/03/2019,18.6
05/06/2019,18.83
05/07/2019,19.64
05/08/2019,17.58
05/09/2019,19.18
05/10/2019,19.08
05/13/2019,20.69
05/14/2019,18.97
05/15/2019,17.84
05/16/2019,17.64
05/17/2019,18.43
05/20/2019,20.2
05/21/2019,18.93
05/22/2019,19.46
05/23/2019,21.41
05/24/2019,19.62
05/28/2019,20.09
05/29/2019,20.9
05/30/2019,20.79
05/31/2019,21.21
06/03/2019,23.0
06/04/2019,21.93
06/05/2019,22.36
06/06/2019,21.49
06/07/2019,20.61
06/10/2019,21.29
06/11/2019,21.32
06/12/2019,19.76
06/13/2019,19.76
06/14/2019,19.44
06/17/2019,20.76
06/18/2019,21.05
06/19/2019,20.91
06/20/2019,21.26
06/21/2019,20.93
06/24/2019,21.11
06/25/2019,22.17
06/26/2019,22.12
06/27/2019,22.12
06/28/2019,22.35
07/01/2019,21.04
07/02/2019,21.01
07/03/2019,21.26
07/05/2019,21.82
07/08/2019,22.71
07/09/2019,22.58
07/10/2019,22.87
07/11/2019,23.01
07/12/2019,23.29
07/15/2019,23.38
07/16/2019,23.87
07/17/2019,23.94
07/18/2019,23.24
07/19/2019,22.38
07/22/2019,22.25
07/23/2019,22.73
07/24/2019,22.68
07/25/2019,21.56
07/26/2019,19.91
07/29/2019,20.36
07/30/2019,20.02
07/31/2019,19.25
08/01/2019,20.16
08/02/2019,21.1
08/05/2019,24.21
08/06/2019,22.83
08/07/2019,22.61
08/08/2019,20.93
08/09/2019,21.5
08/12/2019,22.01
08/13/2019,20.8
08/14/2019,21.48
08/15/2019,21.83
08/16/2019,20.47
08/19/2019,20.03
08/20/2019,19.98
08/21/2019,19.9
08/22/2019,20.25
08/23/2019,22.56
08/26/2019,21.7
08/27/2019,22.21
08/28/2019,21.33
08/29/2019,19.85
08/30/2019,19.62
09/03/2019,21.48
09/04/2019,21.13
09/05/2019,20.44
09/06/2019,20.42
09/09/2019,21.58
09/10/2019,21.8
09/11/2019,19.56
09/12/2019,19.38
09/13/2019,19.39
09/16/2019,21.17
09/17/2019,21.33
09/18/2019,21.19
09/19/2019,20.52
09/20/2019,20.77
09/23/2019,21.37
09/24/2019,22.41
09/25/2019,22.06
09/26/2019,22.55
09/27/2019,23.01
09/30/2019,23.26
10/01/2019,23.42
10/02/2019,24.9
10/03/2019,24.37
10/04/2019,23.49
10/07/2019,24.0
10/08/2019,24.95
10/09/2019,24.76
10/10/2019,24.98
10/11/2019,25.22
10/14/2019,25.18
10/15/2019,24.69
10/16/2019,24.93
10/17/2019,23.39
10/18/2019,24.54
10/21/2019,23.53
10/22/2019,24.24
10/23/2019,23.65
10/24/2019,22.69
10/25/2019,21.88
10/28/2019,22.33
10/29/2019,21.51
10/30/2019,21.75
10/31/2019,19.44
11/01/2019,19.24
11/04/2019,19.83
11/05/2019,19.86
11/06/2019,17.6
11/07/2019,17.94
11/08/2019,17.75
11/11/2019,17.76
11/12/2019,17.72
11/13/2019,17.82
11/14/2019,17.72
11/15/2019,17.81
11/18/2019,18.33
11/19/2019,18.34
11/20/2019,19.26
11/21/2019,19.17
11/22/2019,18.82
11/25/2019,18.54
11/26/2019,18.36
11/27/2019,18.52
11/29/2019,18.76
12/02/2019,19.28
12/03/2019,19.77
12/04/2019,19.29
12/05/2019,18.88
12/06/2019,18.19
12/09/2019,17.29
12/10/2019,17.34
12/11/2019,16.02
12/12/2019,17.17
12/13/2019,15.6
12/16/2019,16.52
12/17/2019,16.78
12/18/2019,16.86
12/19/2019,17.03
12/20/2019,16.74
12/23/2019,16.72
12/24/2019,17.41
12/26/2019,18.85
12/27/2019,19.38
12/30/2019,19.35
12/31/2019,19.84
01/02/2020,20.97
01/03/2020,20.65
01/06/2020,21.56
01/07/2020,21.49
01/08/2020,22.1
01/09/2020,22.55
01/10/2020,22.77
01/13/2020,23.26
01/14/2020,23.37
01/15/2020,22.75
01/16/2020,22.09
01/17/2020,21.69
01/21/2020,23.18
01/22/2020,22.61
01/23/2020,22.91
01/24/2020,23.41
01/27/2020,23.83
01/28/2020,22.52
01/29/2020,21.05
01/30/2020,20.53
01/31/2020,22.01
02/03/2020,22.21
02/04/2020,21.08
02/05/2020,21.61
02/06/2020,20.41
02/07/2020,20.95
02/10/2020,21.96
02/11/2020,22.94
02/12/2020,21.79
02/13/2020,21.39
02/14/2020,20.26
02/18/2020,21.01
02/19/2020,20.65
02/20/2020,21.48
02/21/2020,23.07
02/24/2020,23.12
02/25/2020,24.7
02/26/2020,24.63
02/27/2020,26.69
02/28/2020,32.11
03/02/2020,25.92
03/03/2020,27.08
03/04/2020,23.31
03/05/2020,30.66
03/06/2020,34.94
03/09/2020,35.74
03/10/2020,34.05
03/11/2020,35.94
03/12/2020,27.71
03/13/2020,43.71
03/16/2020,46.64
03/17/2020,42.83
03/18/2020,58.87
03/19/2020,54.19
03/20/2020,49.42
03/23/2020,45.21
03/24/2020,35.95
03/25/2020,39.07
03/26/2020,28.53
03/27/2020,29.92
03/30/2020,32.61
03/31/2020,29.35
04/01/2020,38.69
04/02/2020,38.1
04/03/2020,40.0
04/06/2020,30.83
04/07/2020,31.84
04/08/2020,31.89
04/09/2020,34.15
04/13/2020,35.8
04/14/2020,34.35
04/15/2020,35.77
04/16/2020,38.85
04/17/2020,36.85
04/20/2020,34.79
04/21/2020,37.27
04/22/2020,33.7
04/23/2020,32.95
04/24/2020,31.94
04/27/2020,31.81
04/28/2020,29.16
04/29/2020,28.54
04/30/2020,27.4
05/01/2020,25.58
05/04/2020,27.09
05/05/2020,25.87
05/06/2020,23.63
05/07/2020,23.31
05/08/2020,22.73
05/11/2020,24.56
05/12/2020,20.61
05/13/2020,23.95
05/14/2020,26.75
05/15/2020,25.64
05/18/2020,24.63
05/19/2020,23.16
05/20/2020,25.02
05/21/2020,24.64
05/22/2020,23.34
05/26/2020,22.92
05/27/2020,24.07
05/28/2020,22.79
05/29/2020,23.23
06/01/2020,22.83
06/02/2020,23.31
06/03/2020,23.88
06/04/2020,24.69
06/05/2020,24.57
06/08/2020,26.17
06/09/2020,26.22
06/10/2020,24.49
06/11/2020,22.68
06/12/2020,27.44
06/15/2020,26.7
06/16/2020,25.59
06/17/2020,25.5
06/18/2020,20.97
06/19/2020,19.17
06/22/2020,19.3
06/23/2020,19.4
06/24/2020,18.98
06/25/2020,21.65
06/26/2020,21.43
06/29/2020,22.64
06/30/2020,21.41
07/01/2020,22.39
07/02/2020,20.91
07/06/2020,24.28
07/07/2020,24.73
07/08/2020,28.16
07/09/2020,29.95
07/10/2020,31.74
07/13/2020,32.32
07/14/2020,34.64
07/15/2020,33.84
07/16/2020,33.29
07/17/2020,30.55
07/20/2020,30.82
07/21/2020,30.26
07/22/2020,29.52
07/23/2020,28.11
07/24/2020,27.67
07/27/2020,27.26
07/28/2020,26.11
07/29/2020,25.78
07/30/2020,24.58
07/31/2020,24.28
08/03/2020,25.63
08/04/2020,25.15
08/05/2020,24.98
08/06/2020,25.34
08/07/2020,27.23
08/10/2020,28.24
08/11/2020,27.29
08/12/2020,24.73
08/13/2020,25.74
08/14/2020,25.34
08/17/2020,25.35
08/18/2020,25.17
08/19/2020,24.73
08/20/2020,24.34
08/21/2020,27.34
08/24/2020,29.29
08/25/2020,28.63
08/26/2020,31.95
08/27/2020,33.25
08/28/2020,34.1
08/31/2020,31.91
09/01/2020,33.22
09/02/2020,35.94
09/03/2020,35.62
09/04/2020,37.69
09/08/2020,35.71
09/09/2020,28.85
09/10/2020,28.16
09/11/2020,29.08
09/14/2020,29.48
09/15/2020,28.52
09/16/2020,29.62
09/17/2020,30.02
09/18/2020,29.86
09/21/2020,31.3
09/22/2020,30.92
09/23/2020,31.44
09/24/2020,32.03
09/25/2020,31.73
09/28/2020,31.66
09/29/2020,31.68
09/30/2020,31.18
10/01/2020,31.75
10/02/2020,32.47
10/05/2020,31.62
10/06/2020,31.63
10/07/2020,31.86
10/08/2020,32.64
10/09/2020,31.86
10/12/2020,32.57
10/13/2020,32.16
10/14/2020,30.06
10/15/2020,30.88
10/16/2020,30.42
10/19/2020,31.67
10/20/2020,30.97
10/21/2020,30.9
10/22/2020,30.57
10/23/2020,30.68
10/26/2020,29.99
10/27/2020,28.03
10/28/2020,25.76
10/29/2020,25.94
10/30/2020,24.68
11/02/2020,24.25
11/03/2020,24.28
11/04/2020,23.91
11/05/2020,24.45
11/06/2020,24.68
11/09/2020,23.86
11/10/2020,26.57
11/11/2020,23.28
11/12/2020,23.11
11/13/2020,23.73
11/16/2020,23.64
11/17/2020,23.7
11/18/2020,23.07
11/19/2020,23.46
11/20/2020,22.78
11/23/2020,23.55
11/24/2020,23.96
11/25/2020,24.46
11/27/2020,25.61
11/30/2020,27.53
12/01/2020,27.38
12/02/2020,27.46
12/03/2020,26.4
12/04/2020,26.35
12/07/2020,26.89
12/08/2020,27.44
12/09/2020,25.86
12/10/2020,25.37
12/11/2020,25.56
12/14/2020,24.65
12/15/2020,25.77
12/16/2020,25.92
12/17/2020,26.0
12/18/2020,26.79
12/21/2020,24.93
12/22/2020,24.99
12/23/2020,25.15
12/24/2020,26.09
12/28/2020,27.11
12/29/2020,26.04
12/30/2020,26.27
12/31/2020,26.4
01/04/2021,27.02
01/05/2021,26.88
01/06/2021,26.64
01/07/2021,28.2
01/08/2021,28.93
01/11/2021,29.82
01/12/2021,30.37
01/13/2021,29.77
01/14/2021,29.9
01/15/2021,28.4
01/19/2021,27.38
01/20/2021,28.99
01/21/2021,29.84
01/22/2021,29.69
01/25/2021,31.76
01/26/2021,32.06
01/27/2021,30.95
01/28/2021,26.53
01/29/2021,26.46
02/01/2021,26.71
02/02/2021,25.85
02/03/2021,25.96
02/04/2021,26.04
02/05/2021,25.21
02/08/2021,25.84
02/09/2021,25.96
02/10/2021,24.85
02/11/2021,25.97
02/12/2021,25.79
02/16/2021,26.37
02/17/2021,26.41
02/18/2021,25.14
02/19/2021,24.95
02/22/2021,25.23
02/23/2021,26.34
02/24/2021,28.04
02/25/2021,26.07
02/26/2021,25.43
03/01/2021,25.07
03/02/2021,23.91
03/03/2021,25.35
03/04/2021,26.1
03/05/2021,26.4
03/08/2021,28.29
03/09/2021,26.76
03/10/2021,27.41
03/11/2021,26.21
03/12/2021,27.52
03/15/2021,27.72
03/16/2021,26.13
03/17/2021,26.69
03/18/2021,30.69
03/19/2021,28.54
03/22/2021,26.67
03/23/2021,25.52
03/24/2021,26.21
03/25/2021,27.45
03/26/2021,27.75
03/29/2021,27.86
03/30/2021,27.67
03/31/2021,27.18
04/01/2021,26.78
04/05/2021,27.53
04/06/2021,27.1
04/07/2021,28.11
04/08/2021,27.98
04/09/2021,27.47
04/12/2021,28.6
04/13/2021,28.93
04/14/2021,28.26
04/15/2021,28.03
04/16/2021,27.68
04/19/2021,28.49
04/20/2021,28.64
04/21/2021,27.64
04/22/2021,27.46
04/23/2021,26.27
04/26/2021,26.7
04/27/2021,26.16
04/28/2021,24.84
04/29/2021,23.23
04/30/2021,21.72
05/03/2021,21.99
05/04/2021,23.72
05/05/2021,23.1
05/06/2021,23.44
05/07/2021,22.89
05/10/2021,24.15
05/11/2021,24.3
05/12/2021,23.36
05/13/2021,24.38
05/14/2021,22.68
05/17/2021,24.13
05/18/2021,22.84
05/19/2021,24.17
05/20/2021,22.14
05/21/2021,22.09
05/24/2021,20.87
05/25/2021,20.92
05/26/2021,21.31
05/27/2021,22.06
05/28/2021,20.8
06/01/2021,21.66
06/02/2021,21.94
06/03/2021,22.49
06/04/2021,21.93
06/07/2021,22.27
06/08/2021,21.84
06/09/2021,19.61
06/10/2021,20.05
06/11/2021,19.35
06/14/2021,20.7
06/15/2021,20.32
06/16/2021,20.52
06/17/2021,21.11
06/18/2021,21.04
06/21/2021,22.07
06/22/2021,22.63
06/23/2021,23.12
06/24/2021,23.33
06/25/2021,23.72
06/28/2021,25.04
06/29/2021,24.63
06/30/2021,25.34
07/01/2021,24.91
07/02/2021,24.47
07/06/2021,26.4
07/07/2021,27.35
07/08/2021,27.01
07/09/2021,26.93
07/12/2021,26.48
07/13/2021,26.28
07/14/2021,25.19
07/15/2021,25.6
07/16/2021,24.8
07/19/2021,25.32
07/20/2021,24.63
07/21/2021,25.24
07/22/2021,25.27
07/23/2021,24.78
07/26/2021,25.56
07/27/2021,25.31
07/28/2021,23.59
07/29/2021,22.06
07/30/2021,21.36
08/02/2021,20.88
08/03/2021,22.42
08/04/2021,22.63
08/05/2021,22.28
08/06/2021,21.95
08/09/2021,21.7
08/10/2021,21.9
08/11/2021,20.72
08/12/2021,21.08
08/13/2021,20.83
08/16/2021,22.25
08/17/2021,23.38
08/18/2021,21.26
08/19/2021,22.07
08/20/2021,22.39
08/23/2021,21.79
08/24/2021,21.27
08/25/2021,21.5
08/26/2021,20.53
08/27/2021,20.83
08/30/2021,21.76
08/31/2021,22.07
09/01/2021,21.85
09/02/2021,21.84
09/03/2021,21.23
09/07/2021,21.96
09/08/2021,21.59
09/09/2021,20.78
09/10/2021,20.42
09/13/2021,22.03
09/14/2021,22.36
09/15/2021,22.01
09/16/2021,21.84
09/17/2021,21.17
09/20/2021,24.7
09/21/2021,23.74
09/22/2021,23.17
09/23/2021,23.04
09/24/2021,22.97
09/27/2021,23.95
09/28/2021,25.44
09/29/2021,25.46
09/30/2021,26.04
10/01/2021,25.85
10/04/2021,28.14
10/05/2021,26.93
10/06/2021,27.74
10/07/2021,26.47
10/08/2021,26.17
10/11/2021,26.91
10/12/2021,27.44
10/13/2021,25.17
10/14/2021,24.17
10/15/2021,23.32
10/18/2021,23.72
10/19/2021,23.92
10/20/2021,24.29
10/21/2021,24.59
10/22/2021,24.97
10/25/2021,26.76
10/26/2021,26.54
10/27/2021,25.78
10/28/2021,26.73
10/29/2021,26.3
11/01/2021,27.3
11/02/2021,27.84
11/03/2021,28.28
11/04/2021,29.81
11/05/2021,29.46
11/08/2021,29.1
11/09/2021,29.77
11/10/2021,26.73
11/11/2021,25.84
11/12/2021,26.74
11/15/2021,27.46
11/16/2021,26.88
11/17/2021,27.3
11/18/2021,27.56
11/19/2021,27.68
11/22/2021,27.98
11/23/2021,29.53
11/24/2021,28.97
11/26/2021,26.55
11/29/2021,28.07
11/30/2021,27.41
12/01/2021,25.41
12/02/2021,28.67
12/03/2021,31.25
12/06/2021,29.79
12/07/2021,28.7
12/08/2021,27.8
12/09/2021,27.58
12/10/2021,27.24
12/13/2021,29.05
12/14/2021,28.99
12/15/2021,28.55
12/16/2021,30.32
12/17/2021,29.2
12/20/2021,29.64
12/21/2021,26.64
12/22/2021,26.79
12/23/2021,26.8
12/27/2021,28.36
12/28/2021,28.12
12/29/2021,27.77
12/30/2021,27.12
12/31/2021,26.95
01/03/2022,29.05
01/04/2022,29.35
01/05/2022,30.39
01/06/2022,30.02
01/07/2022,30.36
01/10/2022,32.05
01/11/2022,30.42
01/12/2022,29.58
01/13/2022,31.27
01/14/2022,30.41
01/18/2022,31.75
01/19/2022,30.84
01/20/2022,30.07
01/21/2022,32.68
01/24/2022,37.9
01/25/2022,37.8
01/26/2022,35.08
01/27/2022,33.32
01/28/2022,30.63
01/31/2022,29.62
02/01/2022,30.21
02/02/2022,30.7
02/03/2022,32.54
02/04/2022,29.69
02/07/2022,30.53
02/08/2022,29.2
02/09/2022,26.86
02/10/2022,26.56
02/11/2022,27.84
02/14/2022,28.51
02/15/2022,27.5
02/16/2022,27.68
02/17/2022,28.22
02/18/2022,27.96
02/22/2022,28.01
02/23/2022,28.71
02/24/2022,29.19
02/25/2022,25.93
02/28/2022,27.34
03/01/2022,28.27
03/02/2022,26.1
03/03/2022,27.21
03/04/2022,29.91
03/07/2022,30.92
03/08/2022,30.94
03/09/2022,27.44
03/10/2022,29.01
03/11/2022,30.13
03/14/2022,31.86
03/15/2022,30.23
03/16/2022,28.86
03/17/2022,27.4
03/18/2022,26.36
03/21/2022,27.72
03/22/2022,26.88
03/23/2022,27.93
03/24/2022,28.49
03/25/2022,28.13
03/28/2022,29.74
03/29/2022,28.55
03/30/2022,28.65
03/31/2022,28.96
04/01/2022,29.43
04/04/2022,29.73
04/05/2022,30.18
04/06/2022,32.03
04/07/2022,32.57
04/08/2022,32.38
04/11/2022,33.72
04/12/2022,32.68
04/13/2022,31.2
04/14/2022,31.03
04/18/2022,32.19
04/19/2022,31.86
04/20/2022,34.41
04/21/2022,34.91
04/22/2022,35.75
04/25/2022,36.79
04/26/2022,38.13
04/27/2022,34.91
04/28/2022,32.55
04/29/2022,30.66
05/02/2022,32.36
05/03/2022,32.66
05/04/2022,30.96
05/05/2022,33.4
05/06/2022,33.03
05/09/2022,35.69
05/10/2022,35.24
05/11/2022,35.91
05/12/2022,38.19
05/13/2022,35.11
05/16/2022,35.98
05/17/2022,32.65
05/18/2022,36.39
05/19/2022,35.55
05/20/2022,35.2
05/23/2022,34.02
05/24/2022,35.17
05/25/2022,34.29
05/26/2022,31.78
05/27/2022,29.34
05/31/2022,31.44
06/01/2022,31.64
06/02/2022,30.71
06/03/2022,31.4
06/06/2022,31.2
06/07/2022,29.84
06/08/2022,28.25
06/09/2022,29.3
06/10/2022,30.78
06/13/2022,34.51
06/14/2022,33.68
06/15/2022,31.98
06/16/2022,33.58
06/17/2022,31.5
06/21/2022,30.55
06/22/2022,31.87
06/23/2022,31.38
06/24/2022,30.01
06/27/2022,31.55
06/28/2022,32.42
06/29/2022,32.94
06/30/2022,34.15
07/01/2022,33.66
07/05/2022,35.26
07/06/2022,35.81
07/07/2022,34.76
07/08/2022,33.77
07/11/2022,35.3
07/12/2022,35.74
07/13/2022,35.23
07/14/2022,34.88
07/15/2022,33.94
07/18/2022,34.57
07/19/2022,33.45
07/20/2022,33.15
07/21/2022,32.63
07/22/2022,32.75
07/25/2022,33.57
07/26/2022,33.97
07/27/2022,29.93
07/28/2022,28.07
07/29/2022,26.26
08/01/2022,27.73
08/02/2022,28.14
08/03/2022,27.53
08/04/2022,27.76
08/05/2022,26.66
08/08/2022,27.25
08/09/2022,27.8
08/10/2022,25.61
08/11/2022,25.9
08/12/2022,24.97
08/15/2022,25.76
08/16/2022,25.41
08/17/2022,25.99
08/18/2022,25.43
08/19/2022,25.58
08/22/2022,26.0
08/23/2022,26.05
08/24/2022,26.33
08/25/2022,25.13
08/26/2022,26.15
08/29/2022,26.97
08/30/2022,27.27
08/31/2022,27.94
09/01/2022,28.69
09/02/2022,28.52
09/06/2022,29.51
09/07/2022,27.03
09/08/2022,27.19
09/09/2022,25.0
09/12/2022,25.44
09/13/2022,27.81
09/14/2022,27.03
09/15/2022,27.58
09/16/2022,29.05
09/19/2022,28.46
09/20/2022,29.08
09/21/2022,29.29
09/22/2022,29.84
09/23/2022,30.86
09/26/2022,32.0
09/27/2022,31.89
09/28/2022,31.89
09/29/2022,33.66
09/30/2022,32.83
10/03/2022,32.87
10/04/2022,31.58
10/05/2022,32.54
10/06/2022,32.96
10/07/2022,34.06
10/10/2022,35.29
10/11/2022,35.69
10/12/2022,36.07
10/13/2022,35.6
10/14/2022,35.88
10/17/2022,35.56
10/18/2022,35.3
10/19/2022,35.36
10/20/2022,34.35
10/21/2022,33.24
10/24/2022,33.88
10/25/2022,33.21
10/26/2022,32.25
10/27/2022,33.33
10/28/2022,29.22
10/31/2022,29.76
11/01/2022,29.8
11/02/2022,30.26
11/03/2022,30.97
11/04/2022,30.37
11/07/2022,31.1
11/08/2022,30.82
11/09/2022,29.78
11/10/2022,28.98
11/11/2022,29.15
11/14/2022,30.28
11/15/2022,30.18
11/16/2022,30.07
11/17/2022,29.31
11/18/2022,28.57
11/21/2022,28.97
11/22/2022,27.64
11/23/2022,27.43
11/25/2022,28.08
11/28/2022,29.47
11/29/2022,29.56
11/30/2022,28.0
12/01/2022,28.65
12/02/2022,27.94
12/05/2022,29.45
12/06/2022,30.21
12/07/2022,27.7
12/08/2022,27.1
12/09/2022,26.75
12/12/2022,26.54
12/13/2022,25.94
12/14/2022,26.29
12/15/2022,27.21
12/16/2022,27.71
12/19/2022,27.77
12/20/2022,28.05
12/21/2022,27.12
12/22/2022,29.51
12/23/2022,28.78
12/27/2022,31.26
12/28/2022,32.16
12/29/2022,31.07
12/30/2022,31.3
01/03/2023,32.51
01/04/2023,32.43
01/05/2023,32.38
01/06/2023,31.11
01/09/2023,32.07
01/10/2023,32.27
01/11/2023,32.37
01/12/2023,31.95
01/13/2023,30.4
01/17/2023,31.45
01/18/2023,31.29
01/19/2023,32.04
01/20/2023,30.56
01/23/2023,30.18
01/24/2023,30.49
01/25/2023,29.91
01/26/2023,28.64
01/27/2023,29.79
01/30/2023,30.84
01/31/2023,30.05
02/01/2023,29.6
02/02/2023,31.49
02/03/2023,28.5
02/06/2023,28.68
02/07/2023,28.58
02/08/2023,28.68
02/09/2023,29.55
02/10/2023,28.85
02/13/2023,29.74
02/14/2023,29.13
02/15/2023,28.19
02/16/2023,27.95
02/17/2023,27.32
02/21/2023,27.07
02/22/2023,26.86
02/23/2023,26.09
02/24/2023,26.07
02/27/2023,26.61
02/28/2023,26.5
03/01/2023,26.62
03/02/2023,25.89
03/03/2023,24.92
03/06/2023,25.46
03/07/2023,25.6
03/08/2023,24.74
03/09/2023,25.78
03/10/2023,26.76
03/13/2023,27.33
03/14/2023,26.46
03/15/2023,28.47
03/16/2023,26.53
03/17/2023,27.53
03/20/2023,26.85
03/21/2023,26.5
03/22/2023,27.22
03/23/2023,28.8
03/24/2023,29.06
03/27/2023,28.84
03/28/2023,28.6
03/29/2023,27.71
03/30/2023,27.63
03/31/2023,26.75
04/03/2023,27.39
04/04/2023,27.97
04/05/2023,28.38
04/06/2023,28.3
04/10/2023,29.66
04/11/2023,29.31
04/12/2023,29.46
04/13/2023,28.98
04/14/2023,28.67
04/17/2023,28.39
04/18/2023,27.91
04/19/2023,27.99
04/20/2023,27.68
04/21/2023,27.14
04/24/2023,26.99
04/25/2023,27.99
04/26/2023,27.58
04/27/2023,26.28
04/28/2023,24.18
05/01/2023,25.2
05/02/2023,25.89
05/03/2023,26.14
05/04/2023,26.98
05/05/2023,24.7
05/08/2023,25.34
05/09/2023,24.99
05/10/2023,23.66
05/11/2023,24.15
05/12/2023,23.89
05/15/2023,23.77
05/16/2023,24.15
05/17/2023,23.57
05/18/2023,23.96
05/19/2023,23.55
05/22/2023,23.48
05/23/2023,24.07
05/24/2023,24.55
05/25/2023,25.94
05/26/2023,26.61
05/30/2023,28.21
05/31/2023,27.97
06/01/2023,27.04
06/02/2023,25.56
06/05/2023,25.53
06/06/2023,24.52
06/07/2023,24.02
06/08/2023,24.24
06/09/2023,24.43
06/12/2023,25.5
06/13/2023,25.32
06/14/2023,25.8
06/15/2023,26.07
06/16/2023,26.18
06/20/2023,26.97
06/21/2023,26.21
06/22/2023,26.1
06/23/2023,25.66
06/26/2023,26.48
06/27/2023,26.14
06/28/2023,26.66
06/29/2023,26.29
06/30/2023,25.45
07/03/2023,26.34
07/05/2023,27.12
07/06/2023,27.63
07/07/2023,27.43
07/10/2023,28.8
07/11/2023,28.6
07/12/2023,29.18
07/13/2023,29.96
07/14/2023,30.43
07/17/2023,31.4
07/18/2023,31.79
07/19/2023,32.02
07/20/2023,30.72
07/21/2023,30.27
07/24/2023,29.89
07/25/2023,30.4
07/26/2023,28.36
07/27/2023,27.39
07/28/2023,26.5
07/31/2023,27.47
08/01/2023,27.27
08/02/2023,27.66
08/03/2023,27.67
08/04/2023,25.59
08/07/2023,26.24
08/08/2023,26.8
08/09/2023,27.27
08/10/2023,26.69
08/11/2023,26.01
08/14/2023,26.77
08/15/2023,27.19
08/16/2023,27.36
08/17/2023,27.16
08/18/2023,27.24
08/21/2023,27.36
08/22/2023,27.68
08/23/2023,27.49
08/24/2023,25.4
08/25/2023,24.49
08/28/2023,24.97
08/29/2023,24.35
08/30/2023,24.38
08/31/2023,24.17
09/01/2023,23.33
09/05/2023,24.21
09/06/2023,23.37
09/07/2023,24.11
09/08/2023,23.15
09/11/2023,23.99
09/12/2023,23.8
09/13/2023,23.2
09/14/2023,22.95
09/15/2023,22.69
09/18/2023,22.99
09/19/2023,23.24
09/20/2023,23.75
09/21/2023,24.69
09/22/2023,24.94
09/25/2023,26.07
09/26/2023,26.64
09/27/2023,26.88
09/28/2023,26.54
09/29/2023,25.81
10/02/2023,27.17
10/03/2023,28.55
10/04/2023,28.7
10/05/2023,28.23
10/06/2023,27.82
10/09/2023,28.66
10/10/2023,28.31
10/11/2023,28.71
10/12/2023,28.79
10/13/2023,29.06
10/16/2023,29.34
10/17/2023,29.03
10/18/2023,30.05
10/19/2023,29.66
10/20/2023,30.18
10/23/2023,30.14
10/24/2023,29.89
10/25/2023,29.71
10/26/2023,29.32
10/27/2023,27.55
10/30/2023,27.72
10/31/2023,27.29
11/01/2023,26.18
11/02/2023,25.04
11/03/2023,24.2
11/06/2023,24.42
11/07/2023,24.27
11/08/2023,23.83
11/09/2023,24.15
11/10/2023,23.99
11/13/2023,24.63
11/14/2023,24.13
11/15/2023,24.81
11/16/2023,24.43
11/17/2023,24.46
11/20/2023,23.41
11/21/2023,23.33
11/22/2023,21.48
11/24/2023,21.55
11/27/2023,21.9
11/28/2023,21.84
11/29/2023,21.9
11/30/2023,21.59
12/01/2023,21.61
12/04/2023,22.87
12/05/2023,22.92
12/06/2023,21.52
12/07/2023,21.27
12/08/2023,20.5
12/11/2023,21.73
12/12/2023,21.13
12/13/2023,21.6
12/14/2023,22.45
12/15/2023,22.56
12/18/2023,22.22
12/19/2023,22.16
12/20/2023,22.69
12/21/2023,22.72
12/22/2023,22.52
12/26/2023,24.42
12/27/2023,24.57
12/28/2023,24.27
12/29/2023,24.08
01/02/2024,25.91
01/03/2024,25.97
01/04/2024,25.97
01/05/2024,25.55
01/08/2024,26.27
01/09/2024,26.38
01/10/2024,27.04
01/11/2024,27.3
01/12/2024,26.57
01/16/2024,27.53
01/17/2024,27.67
01/18/2024,27.65
01/19/2024,27.69
01/22/2024,28.35
01/23/2024,27.97
01/24/2024,28.09
01/25/2024,28.0
01/26/2024,27.51
01/29/2024,28.01
01/30/2024,29.07
01/31/2024,26.75
02/01/2024,26.16
02/02/2024,24.42
02/05/2024,26.37
02/06/2024,25.96
02/07/2024,25.53
02/08/2024,25.73
02/09/2024,25.9
02/12/2024,27.68
02/13/2024,28.05
02/14/2024,28.21
02/15/2024,28.51
02/16/2024,28.84
02/20/2024,28.37
02/21/2024,27.51
02/22/2024,25.15
02/23/2024,25.09
02/26/2024,25.84
02/27/2024,25.42
02/28/2024,25.22
02/29/2024,24.86
03/01/2024,25.65
03/04/2024,27.75
03/05/2024,28.34
03/06/2024,28.73
03/07/2024,30.41
03/08/2024,30.1
03/11/2024,29.42
03/12/2024,30.29
03/13/2024,29.66
03/14/2024,28.63
03/15/2024,28.6
03/18/2024,28.48
03/19/2024,26.27
03/20/2024,25.74
03/21/2024,26.69
03/22/2024,26.71
03/25/2024,28.23
03/26/2024,27.78
03/27/2024,27.45
03/28/2024,27.02
04/01/2024,28.86
04/02/2024,28.49
04/03/2024,28.71
04/04/2024,29.36
04/05/2024,28.75
04/08/2024,29.94
04/09/2024,29.66
04/10/2024,30.86
04/11/2024,30.95
04/12/2024,31.2
04/15/2024,31.55
04/16/2024,31.45
04/17/2024,31.97
04/18/2024,31.84
04/19/2024,32.77
04/22/2024,32.36
04/23/2024,32.02
04/24/2024,32.25
04/25/2024,31.73
04/26/2024,29.43
04/29/2024,30.87
04/30/2024,30.8
05/01/2024,28.99
05/02/2024,28.26
05/03/2024,27.15
05/06/2024,27.56
05/07/2024,27.11
05/08/2024,27.38
05/09/2024,26.72
05/10/2024,26.1
05/13/2024,26.33
05/14/2024,25.98
05/15/2024,26.63
05/16/2024,26.72
05/17/2024,26.37
05/20/2024,26.01
05/21/2024,25.74
05/22/2024,26.05
05/23/2024,24.0
05/24/2024,23.64
05/28/2024,25.93
05/29/2024,26.3
05/30/2024,26.89
05/31/2024,26.53
06/03/2024,27.31
06/04/2024,26.74
06/05/2024,27.32
06/06/2024,27.34
06/07/2024,26.78
06/10/2024,26.09
06/11/2024,26.24
06/12/2024,25.92
06/13/2024,26.87
06/14/2024,27.08
06/17/2024,28.36
06/18/2024,28.45
06/20/2024,29.06
06/21/2024,28.26
06/24/2024,29.57
06/25/2024,29.02
06/26/2024,29.65
06/27/2024,29.76
06/28/2024,29.55
07/01/2024,30.13
07/02/2024,29.78
07/03/2024,30.68
07/05/2024,31.31
07/08/2024,32.54
07/09/2024,32.82
07/10/2024,33.91
07/11/2024,34.49
07/12/2024,33.95
07/15/2024,34.24
07/16/2024,33.54
07/17/2024,34.72
07/18/2024,34.65
07/19/2024,34.42
07/22/2024,34.02
07/23/2024,33.92
07/24/2024,33.51
07/25/2024,34.09
07/26/2024,33.86
07/29/2024,34.54
07/30/2024,35.14
07/31/2024,33.44
08/01/2024,34.79
08/02/2024,35.07
08/05/2024,34.17
08/06/2024,33.71
08/07/2024,33.79
08/08/2024,32.48
08/09/2024,32.64
08/12/2024,32.4
08/13/2024,32.64
08/14/2024,32.24
08/15/2024,31.22
08/16/2024,31.59
08/19/2024,31.99
08/20/2024,32.36
08/21/2024,31.76
08/22/2024,33.28
08/23/2024,32.33
08/26/2024,34.26
08/27/2024,32.83
08/28/2024,33.04
08/29/2024,28.19
08/30/2024,26.93
09/03/2024,28.43
09/04/2024,28.7
09/05/2024,28.92
09/06/2024,29.51
09/09/2024,29.67
09/10/2024,29.68
09/11/2024,29.82
09/12/2024,29.73
09/13/2024,28.68
09/16/2024,28.99
09/17/2024,28.55
09/18/2024,28.31
09/19/2024,27.53
09/20/2024,27.69
09/23/2024,28.07
09/24/2024,28.81
09/25/2024,29.49
09/26/2024,30.06
09/27/2024,30.33
09/30/2024,31.14
10/01/2024,31.28
10/02/2024,31.25
10/03/2024,31.13
10/04/2024,30.75
10/07/2024,31.31
10/08/2024,31.32
10/09/2024,32.24
10/10/2024,32.27
10/11/2024,31.01
10/14/2024,30.9
10/15/2024,31.7
10/16/2024,31.73
10/17/2024,32.07
10/18/2024,31.28
10/21/2024,32.2
10/22/2024,32.9
10/23/2024,33.09
10/24/2024,32.92
10/25/2024,32.8
10/28/2024,33.38
10/29/2024,33.37
10/30/2024,32.68
10/31/2024,31.49
11/01/2024,29.04
11/04/2024,29.4
11/05/2024,29.48
11/06/2024,28.55
11/07/2024,27.94
11/08/2024,27.94
11/11/2024,30.62
11/12/2024,30.88
11/13/2024,30.69
11/14/2024,30.22
11/15/2024,32.32
11/18/2024,31.91
11/19/2024,31.17
11/20/2024,32.83
11/21/2024,28.63
11/22/2024,28.5
11/25/2024,28.04
11/26/2024,26.86
11/27/2024,26.44
11/29/2024,26.43
12/02/2024,27.3
12/03/2024,26.92
12/04/2024,26.79
12/05/2024,27.38
12/06/2024,28.22
12/09/2024,28.82
12/10/2024,28.41
12/11/2024,28.06
12/12/2024,28.03
12/13/2024,28.59
12/16/2024,31.11
12/17/2024,31.47
12/18/2024,29.05
12/19/2024,31.69
12/20/2024,30.42
12/23/2024,29.81
12/24/2024,29.31
12/26/2024,30.74
12/27/2024,30.74
12/30/2024,31.18
12/31/2024,30.92
01/02/2025,30.61
01/03/2025,31.19
01/06/2025,32.91
01/07/2025,31.92
01/08/2025,32.53
01/10/2025,32.37
01/13/2025,33.3
01/14/2025,33.02
01/15/2025,32.29
01/16/2025,31.87
01/17/2025,31.64
01/21/2025,32.36
01/22/2025,32.0
01/23/2025,31.64
01/24/2025,31.67
01/27/2025,36.54
01/28/2025,34.89
01/29/2025,37.23
01/30/2025,35.18
01/31/2025,34.75
02/03/2025,34.81
02/04/2025,33.69
02/05/2025,32.78
02/06/2025,31.53
02/07/2025,31.43
02/10/2025,31.58
02/11/2025,31.52
02/12/2025,31.6
02/13/2025,31.65
02/14/2025,31.28
02/18/2025,32.57
02/19/2025,32.11
02/20/2025,31.88
02/21/2025,33.05
02/24/2025,34.11
02/25/2025,35.45
02/26/2025,34.05
02/27/2025,33.3
02/28/2025,32.26
03/03/2025,33.8
03/04/2025,34.55
03/05/2025,33.06
03/06/2025,33.49
03/07/2025,32.63
03/10/2025,36.17
03/11/2025,35.82
03/12/2025,34.31
03/13/2025,34.43
03/14/2025,32.22
03/17/2025,31.94
03/18/2025,32.14
03/19/2025,30.99
03/20/2025,31.01
03/21/2025,30.18
03/24/2025,30.58
03/25/2025,30.65
03/26/2025,31.91
03/27/2025,32.26
03/28/2025,33.26
03/31/2025,34.22
04/01/2025,33.93
04/02/2025,33.88
04/03/2025,36.59
04/04/2025,41.51
04/07/2025,43.15
04/08/2025,46.35
04/09/2025,39.46
04/10/2025,46.53
04/11/2025,43.2
04/14/2025,42.14
04/15/2025,38.09
04/16/2025,39.78
04/17/2025,38.94
04/21/2025,39.99
04/22/2025,38.28
04/23/2025,37.2
04/24/2025,35.9
04/25/2025,34.6
04/28/2025,35.73
04/29/2025,35.22
04/30/2025,35.54
05/01/2025,33.49
05/02/2025,31.76
05/05/2025,32.05
05/06/2025,31.38
05/07/2025,32.69
05/08/2025,31.84
05/09/2025,31.52
05/12/2025,30.88
05/13/2025,31.78
05/14/2025,33.63
05/15/2025,33.37
05/16/2025,33.62
05/19/2025,33.2
05/20/2025,32.99
05/21/2025,33.42
05/22/2025,33.18
05/23/2025,32.9
05/27/2025,33.63
05/28/2025,33.34
05/29/2025,31.04
05/30/2025,30.58
06/02/2025,30.34
06/03/2025,30.14
06/04/2025,30.33
06/05/2025,31.49
06/06/2025,29.62
06/09/2025,29.4
06/10/2025,29.29
06/11/2025,27.87
06/12/2025,26.9
06/13/2025,26.61
06/16/2025,27.06
06/17/2025,26.89
06/18/2025,27.18
06/20/2025,27.16
06/23/2025,27.12
06/24/2025,27.52
06/25/2025,28.72
06/26/2025,29.07
06/27/2025,29.47
06/30/2025,30.23
07/01/2025,30.39
07/02/2025,30.25
07/03/2025,29.72
07/07/2025,31.69
07/08/2025,31.72
07/09/2025,31.65
07/10/2025,32.02
07/11/2025,31.82
07/14/2025,32.28
07/15/2025,32.3
07/16/2025,31.93
07/17/2025,31.89
07/18/2025,31.46
07/21/2025,31.36
07/22/2025,32.13
07/23/2025,32.41
07/24/2025,30.43
07/25/2025,29.88
07/28/2025,30.6
07/29/2025,30.71
07/30/2025,30.65
07/31/2025,30.93
08/01/2025,28.8
08/04/2025,29.95
08/05/2025,29.43
08/06/2025,28.73
08/07/2025,29.0
08/08/2025,28.59
08/11/2025,29.47
08/12/2025,29.35
08/13/2025,29.73
08/14/2025,29.63
08/15/2025,29.9
08/18/2025,29.39
08/19/2025,30.35
08/20/2025,29.98
08/21/2025,29.95
08/22/2025,29.86
08/25/2025,30.46
08/26/2025,30.51
08/27/2025,30.31
08/28/2025,27.58
08/29/2025,27.68
09/02/2025,27.95
09/03/2025,27.62
09/04/2025,26.9
09/05/2025,27.28
09/08/2025,27.43
09/09/2025,27.54
09/10/2025,27.4
09/11/2025,27.14
09/12/2025,27.35
09/15/2025,29.09
09/16/2025,29.26
09/17/2025,29.14
09/18/2025,29.88
09/19/2025,29.85
09/22/2025,32.02
09/23/2025,32.19
09/24/2025,32.14
09/25/2025,32.38
09/26/2025,31.9
09/29/2025,33.04
09/30/2025,33.79
10/01/2025,34.47
10/02/2025,34.33
10/03/2025,34.39
10/06/2025,37.15
10/07/2025,36.38
10/08/2025,37.51
10/09/2025,37.68
10/10/2025,38.96
10/13/2025,38.81
10/14/2025,38.65
10/15/2025,37.81
10/16/2025,37.28
10/17/2025,37.81
10/20/2025,38.35
10/21/2025,37.95
10/22/2025,38.03
10/23/2025,36.84
10/24/2025,36.67
10/27/2025,38.43
10/28/2025,38.8
10/29/2025,40.46
10/30/2025,36.63
10/31/2025,36.03
11/03/2025,36.13
11/04/2025,35.31
11/05/2025,35.11
11/06/2025,35.62
11/07/2025,35.35
11/10/2025,35.03
11/11/2025,34.49
11/12/2025,33.46
11/13/2025,34.14
11/14/2025,33.51
11/17/2025,34.09
11/18/2025,34.93
11/19/2025,35.24
11/20/2025,35.28
11/21/2025,34.9
11/24/2025,33.14
11/25/2025,33.82
11/26/2025,32.41
11/28/2025,32.07
12/01/2025,31.94
12/02/2025,31.69
12/03/2025,32.01
12/04/2025,31.52
12/05/2025,31.0
12/08/2025,31.24
12/09/2025,30.6
12/10/2025,29.24
12/11/2025,29.09
12/12/2025,27.86
12/15/2025,28.06
12/16/2025,27.87
12/17/2025,28.27
12/18/2025,28.08
12/19/2025,27.79
12/22/2025,28.31
12/23/2025,28.04
12/24/2025,28.24
12/26/2025,29.01
12/29/2025,29.76
12/30/2025,29.54
12/31/2025,29.54
01/02/2026,30.91
01/05/2026,31.95
01/06/2026,32.1
01/07/2026,33.24
01/08/2026,33.43
01/09/2026,33.2
01/12/2026,33.81
01/13/2026,33.96
01/14/2026,34.01
01/15/2026,33.76
01/16/2026,33.1
01/20/2026,34.6
01/21/2026,34.64
01/22/2026,34.66
01/23/2026,34.82
01/26/2026,35.81
01/27/2026,36.08
01/28/2026,36.89
01/29/2026,36.16
01/30/2026,34.99
02/02/2026,35.76
02/03/2026,37.09
02/04/2026,37.61
02/05/2026,37.86
02/06/2026,35.68
02/09/2026,35.66
02/10/2026,34.94
02/11/2026,34.94
02/12/2026,36.84
02/13/2026,36.13
02/17/2026,37.11
02/18/2026,36.47
02/19/2026,35.93
02/20/2026,35.92
02/23/2026,37.47
02/24/2026,37.6
02/25/2026,37.2
02/26/2026,35.06
02/27/2026,35.88
03/02/2026,35.55
03/03/2026,34.81
03/04/2026,34.65
03/05/2026,33.13
03/06/2026,32.75
03/09/2026,32.33
03/10/2026,31.25
03/11/2026,30.22
03/12/2026,30.41
03/13/2026,30.11
03/16/2026,31.01
03/17/2026,28.95
03/18/2026,29.3
03/19/2026,30.22
03/20/2026,30.29
03/23/2026,29.67
03/24/2026,30.26
