DATE,VIXEQ
06/19/2014,20.78
06/20/2014,20.44
06/23/2014,20.84
06/24/2014,20.53
06/25/2014,21.11
06/26/2014,20.91
06/27/2014,21.33
06/30/2014,22.66
07/01/2014,22.33
07/02/2014,22.36
07/03/2014,23.04
07/07/2014,23.24
07/08/2014,24.4
07/09/2014,24.83
07/10/2014,23.88
07/11/2014,23.91
07/14/2014,23.92
07/15/2014,24.34
07/16/2014,24.24
07/17/2014,25.26
07/18/2014,23.61
07/21/2014,24.05
07/22/2014,23.18
07/23/2014,20.98
07/24/2014,20.75
07/25/2014,20.52
07/28/2014,20.94
07/29/2014,20.53
07/30/2014,20.48
07/31/2014,22.68
08/01/2014,23.51
08/04/2014,22.85
08/05/2014,23.66
08/06/2014,23.9
08/07/2014,23.08
08/08/2014,22.67
08/11/2014,22.09
08/12/2014,21.57
08/13/2014,20.54
08/14/2014,20.14
08/15/2014,19.9
08/18/2014,19.14
08/19/2014,18.63
08/20/2014,18.55
08/21/2014,18.43
08/22/2014,18.41
08/25/2014,18.84
08/26/2014,18.77
08/27/2014,19.0
08/28/2014,19.4
08/29/2014,19.6
09/02/2014,20.29
09/03/2014,21.93
09/04/2014,21.62
09/05/2014,21.67
09/08/2014,22.2
09/09/2014,21.95
09/10/2014,21.18
09/11/2014,20.75
09/12/2014,21.54
09/15/2014,21.94
09/16/2014,21.5
09/17/2014,21.07
09/18/2014,23.27
09/19/2014,22.83
09/22/2014,23.25
09/23/2014,23.45
09/24/2014,23.27
09/25/2014,25.28
09/26/2014,24.34
09/29/2014,25.71
09/30/2014,25.72
10/01/2014,27.14
10/02/2014,27.06
10/03/2014,26.0
10/06/2014,26.65
10/07/2014,27.95
10/08/2014,27.6
10/09/2014,29.21
10/10/2014,31.18
10/13/2014,34.97
10/14/2014,34.66
10/15/2014,36.43
10/16/2014,36.62
10/17/2014,32.91
10/20/2014,31.02
10/21/2014,27.95
10/22/2014,28.24
10/23/2014,27.02
10/24/2014,25.72
10/27/2014,26.37
10/28/2014,25.28
10/29/2014,24.52
10/30/2014,24.02
10/31/2014,23.66
11/03/2014,24.24
11/04/2014,24.3
11/05/2014,24.37
11/06/2014,24.0
11/07/2014,23.44
11/10/2014,23.15
11/11/2014,22.77
11/12/2014,23.0
11/13/2014,23.15
11/14/2014,23.78
11/17/2014,24.83
11/18/2014,24.23
11/19/2014,23.94
11/20/2014,23.99
11/21/2014,23.6
11/24/2014,22.52
11/25/2014,22.67
11/26/2014,22.6
11/28/2014,23.81
12/01/2014,25.6
12/02/2014,25.08
12/03/2014,24.63
12/04/2014,24.74
12/05/2014,24.32
12/08/2014,26.22
12/09/2014,26.58
12/10/2014,28.88
12/11/2014,27.09
12/12/2014,29.69
12/15/2014,31.48
12/16/2014,33.49
12/17/2014,31.55
12/18/2014,27.41
12/19/2014,26.21
12/22/2014,25.66
12/23/2014,25.58
12/24/2014,25.63
12/26/2014,25.72
12/29/2014,26.43
12/30/2014,26.33
12/31/2014,27.27
01/02/2015,27.89
01/05/2015,30.43
01/06/2015,31.26
01/07/2015,30.35
01/08/2015,30.11
01/09/2015,30.12
01/12/2015,31.28
01/13/2015,31.23
01/14/2015,31.97
01/15/2015,32.64
01/16/2015,31.11
01/20/2015,29.61
01/21/2015,28.58
01/22/2015,27.15
01/23/2015,26.79
01/26/2015,27.81
01/27/2015,29.03
01/28/2015,28.82
01/29/2015,27.77
01/30/2015,27.89
02/02/2015,27.65
02/03/2015,26.23
02/04/2015,26.14
02/05/2015,25.1
02/06/2015,25.41
02/09/2015,25.97
02/10/2015,25.02
02/11/2015,23.94
02/12/2015,23.54
02/13/2015,23.23
02/17/2015,24.24
02/18/2015,23.83
02/19/2015,23.67
02/20/2015,23.19
02/23/2015,23.03
02/24/2015,22.52
02/25/2015,22.62
02/26/2015,22.97
02/27/2015,22.94
03/02/2015,23.15
03/03/2015,23.36
03/04/2015,23.79
03/05/2015,23.71
03/06/2015,24.64
03/09/2015,24.62
03/10/2015,25.74
03/11/2015,24.5
03/12/2015,24.03
03/13/2015,24.61
03/16/2015,24.83
03/17/2015,25.04
03/18/2015,24.18
03/19/2015,23.97
03/20/2015,22.92
03/23/2015,23.19
03/24/2015,23.2
03/25/2015,25.02
03/26/2015,25.65
03/27/2015,25.92
03/30/2015,25.65
03/31/2015,26.28
04/01/2015,26.83
04/02/2015,26.17
04/06/2015,27.09
04/07/2015,26.56
04/08/2015,27.52
04/09/2015,27.29
04/10/2015,27.1
04/13/2015,27.6
04/14/2015,27.69
04/15/2015,27.01
04/16/2015,26.8
04/17/2015,27.77
04/20/2015,25.88
04/21/2015,25.71
04/22/2015,25.43
04/23/2015,24.72
04/24/2015,23.78
04/27/2015,24.35
04/28/2015,23.64
04/29/2015,23.97
04/30/2015,24.92
05/01/2015,23.52
05/04/2015,22.92
05/05/2015,23.6
05/06/2015,23.35
05/07/2015,22.85
05/08/2015,21.26
05/11/2015,21.52
05/12/2015,22.12
05/13/2015,21.41
05/14/2015,20.82
05/15/2015,20.42
05/18/2015,19.62
05/19/2015,19.71
05/20/2015,19.82
05/21/2015,19.72
05/22/2015,19.32
05/26/2015,21.29
05/27/2015,20.63
05/28/2015,20.7
05/29/2015,20.92
06/01/2015,20.8
06/02/2015,20.83
06/03/2015,20.74
06/04/2015,21.72
06/05/2015,21.45
06/08/2015,22.11
06/09/2015,22.05
06/10/2015,19.82
06/11/2015,19.8
06/12/2015,20.38
06/15/2015,21.9
06/16/2015,21.79
06/17/2015,21.89
06/18/2015,21.13
06/19/2015,20.92
06/22/2015,19.95
06/23/2015,20.47
06/24/2015,20.89
06/25/2015,21.34
06/26/2015,21.8
06/29/2015,25.39
06/30/2015,24.9
07/01/2015,24.3
07/02/2015,24.38
07/06/2015,25.57
07/07/2015,25.96
07/08/2015,28.24
07/09/2015,28.55
07/10/2015,27.43
07/13/2015,26.05
07/14/2015,25.64
07/15/2015,25.43
07/16/2015,24.44
07/17/2015,25.49
07/20/2015,26.61
07/21/2015,26.17
07/22/2015,24.97
07/23/2015,25.71
07/24/2015,26.42
07/27/2015,27.22
07/28/2015,25.9
07/29/2015,24.62
07/30/2015,23.44
07/31/2015,23.8
08/03/2015,24.77
08/04/2015,25.03
08/05/2015,24.67
08/06/2015,26.18
08/07/2015,26.35
08/10/2015,24.98
08/11/2015,26.76
08/12/2015,26.12
08/13/2015,25.35
08/14/2015,24.91
08/17/2015,25.09
08/18/2015,24.86
08/19/2015,25.71
08/20/2015,29.56
08/21/2015,36.6
08/24/2015,47.04
08/25/2015,44.9
08/26/2015,38.74
08/27/2015,35.67
08/28/2015,35.55
08/31/2015,36.24
09/01/2015,41.79
09/02/2015,37.11
09/03/2015,35.89
09/04/2015,37.82
09/08/2015,35.52
09/09/2015,34.11
09/10/2015,33.89
09/11/2015,33.19
09/14/2015,34.26
09/15/2015,32.31
09/16/2015,31.24
09/17/2015,30.02
09/18/2015,31.06
09/21/2015,29.9
09/22/2015,31.95
09/23/2015,31.61
09/24/2015,32.88
09/25/2015,33.08
09/28/2015,37.96
09/29/2015,38.04
09/30/2015,35.29
10/01/2015,35.23
10/02/2015,34.08
10/05/2015,33.23
10/06/2015,33.18
10/07/2015,34.88
10/08/2015,34.69
10/09/2015,33.71
10/12/2015,33.12
10/13/2015,33.53
10/14/2015,32.71
10/15/2015,31.69
10/16/2015,30.64
10/19/2015,30.3
10/20/2015,30.77
10/21/2015,31.01
10/22/2015,30.3
10/23/2015,28.05
10/26/2015,29.59
10/27/2015,29.27
10/28/2015,26.71
10/29/2015,26.69
10/30/2015,26.32
11/02/2015,25.89
11/03/2015,25.76
11/04/2015,26.19
11/05/2015,26.11
11/06/2015,25.57
11/09/2015,26.57
11/10/2015,26.39
11/11/2015,24.98
11/12/2015,26.49
11/13/2015,28.14
11/16/2015,28.54
11/17/2015,28.24
11/18/2015,26.86
11/19/2015,27.33
11/20/2015,26.29
11/23/2015,25.27
11/24/2015,25.62
11/25/2015,24.95
11/27/2015,25.51
11/30/2015,25.79
12/01/2015,25.46
12/02/2015,26.06
12/03/2015,27.69
12/04/2015,25.99
12/07/2015,27.07
12/08/2015,28.26
12/09/2015,27.33
12/10/2015,27.15
12/11/2015,31.18
12/14/2015,32.03
12/15/2015,30.61
12/16/2015,28.14
12/17/2015,28.12
12/18/2015,29.48
12/21/2015,27.85
12/22/2015,26.49
12/23/2015,25.44
12/24/2015,25.61
12/28/2015,27.19
12/29/2015,26.5
12/30/2015,26.89
12/31/2015,27.83
01/04/2016,32.0
01/05/2016,31.17
01/06/2016,33.05
01/07/2016,35.4
01/08/2016,35.46
01/11/2016,35.19
01/12/2016,33.74
01/13/2016,35.77
01/14/2016,34.76
01/15/2016,37.76
01/19/2016,36.49
01/20/2016,39.06
01/21/2016,37.14
01/22/2016,33.93
01/25/2016,35.79
01/26/2016,35.11
01/27/2016,35.21
01/28/2016,34.51
01/29/2016,30.59
02/01/2016,31.12
02/02/2016,31.69
02/03/2016,32.32
02/04/2016,32.18
02/05/2016,34.67
02/08/2016,37.4
02/09/2016,37.71
02/10/2016,36.1
02/11/2016,37.38
02/12/2016,35.54
02/16/2016,34.16
02/17/2016,32.24
02/18/2016,32.2
02/19/2016,30.96
02/22/2016,28.94
02/23/2016,29.68
02/24/2016,30.35
02/25/2016,29.27
02/26/2016,29.15
02/29/2016,29.5
03/01/2016,27.65
03/02/2016,27.19
03/03/2016,26.95
03/04/2016,26.79
03/07/2016,27.95
03/08/2016,28.55
03/09/2016,26.91
03/10/2016,27.33
03/11/2016,26.43
03/14/2016,27.06
03/15/2016,26.97
03/16/2016,26.43
03/17/2016,25.24
03/18/2016,25.49
03/21/2016,24.29
03/22/2016,24.55
03/23/2016,24.8
03/24/2016,25.26
03/28/2016,26.4
03/29/2016,25.91
03/30/2016,25.45
03/31/2016,25.9
04/01/2016,26.03
04/04/2016,26.85
04/05/2016,28.05
04/06/2016,28.42
04/07/2016,29.68
04/08/2016,28.96
04/11/2016,29.34
04/12/2016,29.26
04/13/2016,27.97
04/14/2016,27.82
04/15/2016,28.28
04/18/2016,27.12
04/19/2016,26.72
04/20/2016,26.33
04/21/2016,26.73
04/22/2016,25.35
04/25/2016,25.64
04/26/2016,25.64
04/27/2016,24.83
04/28/2016,25.63
04/29/2016,25.48
05/02/2016,24.93
05/03/2016,25.3
05/04/2016,25.62
05/05/2016,25.43
05/06/2016,25.13
05/09/2016,24.98
05/10/2016,23.71
05/11/2016,22.51
05/12/2016,23.19
05/13/2016,23.75
05/16/2016,24.07
05/17/2016,24.42
05/18/2016,24.47
05/19/2016,25.56
05/20/2016,23.58
05/23/2016,22.78
05/24/2016,21.92
05/25/2016,21.66
05/26/2016,21.47
05/27/2016,21.11
05/31/2016,22.22
06/01/2016,22.15
06/02/2016,21.88
06/03/2016,21.59
06/06/2016,22.35
06/07/2016,22.01
06/08/2016,20.67
06/09/2016,21.17
06/10/2016,22.42
06/13/2016,25.12
06/14/2016,26.07
06/15/2016,25.42
06/16/2016,27.53
06/17/2016,27.36
06/20/2016,25.49
06/21/2016,25.76
06/22/2016,27.51
06/23/2016,25.39
06/24/2016,30.74
06/27/2016,32.08
06/28/2016,28.46
06/29/2016,26.91
06/30/2016,26.34
07/01/2016,26.04
07/05/2016,28.22
07/06/2016,29.69
07/07/2016,29.49
07/08/2016,27.97
07/11/2016,27.72
07/12/2016,27.9
07/13/2016,27.32
07/14/2016,27.14
07/15/2016,26.55
07/18/2016,26.04
07/19/2016,26.12
07/20/2016,25.13
07/21/2016,25.39
07/22/2016,24.57
07/25/2016,25.4
07/26/2016,25.28
07/27/2016,24.66
07/28/2016,23.87
07/29/2016,21.31
08/01/2016,21.91
08/02/2016,22.98
08/03/2016,22.11
08/04/2016,21.66
08/05/2016,21.43
08/08/2016,21.64
08/09/2016,21.18
08/10/2016,19.5
08/11/2016,19.55
08/12/2016,19.39
08/15/2016,20.42
08/16/2016,21.11
08/17/2016,21.56
08/18/2016,21.16
08/19/2016,20.47
08/22/2016,19.78
08/23/2016,19.81
08/24/2016,20.88
08/25/2016,21.48
08/26/2016,21.32
08/29/2016,21.42
08/30/2016,21.77
08/31/2016,22.15
09/01/2016,22.38
09/02/2016,21.69
09/06/2016,22.75
09/07/2016,19.87
09/08/2016,20.04
09/09/2016,22.61
09/12/2016,22.95
09/13/2016,24.54
09/14/2016,22.86
09/15/2016,22.42
09/16/2016,22.0
09/19/2016,22.34
09/20/2016,22.65
09/21/2016,21.84
09/22/2016,21.44
09/23/2016,22.27
09/26/2016,24.51
09/27/2016,24.03
09/28/2016,23.97
09/29/2016,25.72
09/30/2016,24.73
10/03/2016,25.95
10/04/2016,26.37
10/05/2016,26.37
10/06/2016,26.62
10/07/2016,26.58
10/10/2016,26.87
10/11/2016,28.04
10/12/2016,28.73
10/13/2016,29.19
10/14/2016,28.96
10/17/2016,29.44
10/18/2016,28.66
10/19/2016,28.78
10/20/2016,28.04
10/21/2016,28.51
10/24/2016,27.13
10/25/2016,26.89
10/26/2016,26.44
10/27/2016,26.17
10/28/2016,25.7
10/31/2016,25.79
11/01/2016,27.2
11/02/2016,27.07
11/03/2016,27.36
11/04/2016,27.76
11/07/2016,25.65
11/08/2016,25.37
11/09/2016,23.06
11/10/2016,25.45
11/11/2016,25.21
11/14/2016,27.52
11/15/2016,26.22
11/16/2016,26.17
11/17/2016,25.57
11/18/2016,24.69
11/21/2016,22.87
11/22/2016,23.17
11/23/2016,22.93
11/25/2016,23.35
11/28/2016,24.07
11/29/2016,23.99
11/30/2016,24.3
12/01/2016,25.9
12/02/2016,25.14
12/05/2016,24.36
12/06/2016,24.18
12/07/2016,22.26
12/08/2016,23.01
12/09/2016,22.67
12/12/2016,23.81
12/13/2016,23.71
12/14/2016,23.47
12/15/2016,23.45
12/16/2016,22.89
12/19/2016,22.44
12/20/2016,22.22
12/21/2016,22.27
12/22/2016,21.73
12/23/2016,21.63
12/27/2016,23.17
12/28/2016,23.96
12/29/2016,24.3
12/30/2016,25.3
01/03/2017,25.82
01/04/2017,25.32
01/05/2017,25.29
01/06/2017,25.03
01/09/2017,25.81
01/10/2017,25.59
01/11/2017,25.51
01/12/2017,25.84
01/13/2017,25.25
01/17/2017,26.02
01/18/2017,25.6
01/19/2017,25.37
01/20/2017,24.1
01/23/2017,23.35
01/24/2017,23.13
01/25/2017,22.88
01/26/2017,23.26
01/27/2017,21.39
01/30/2017,22.81
01/31/2017,22.75
02/01/2017,22.28
02/02/2017,21.81
02/03/2017,20.23
02/06/2017,20.21
02/07/2017,20.01
02/08/2017,18.8
02/09/2017,18.58
02/10/2017,18.16
02/13/2017,18.84
02/14/2017,19.25
02/15/2017,19.51
02/16/2017,19.25
02/17/2017,19.08
02/21/2017,18.62
02/22/2017,18.76
02/23/2017,18.77
02/24/2017,18.86
02/27/2017,19.26
02/28/2017,19.65
03/01/2017,19.15
03/02/2017,19.37
03/03/2017,18.73
03/06/2017,19.09
03/07/2017,19.08
03/08/2017,17.89
03/09/2017,18.39
03/10/2017,18.03
03/13/2017,18.44
03/14/2017,18.6
03/15/2017,18.12
03/16/2017,17.63
03/17/2017,17.01
03/20/2017,16.5
03/21/2017,18.42
03/22/2017,18.34
03/23/2017,18.99
03/24/2017,19.2
03/27/2017,19.95
03/28/2017,19.27
03/29/2017,19.27
03/30/2017,19.32
03/31/2017,19.37
04/03/2017,20.38
04/04/2017,20.57
04/05/2017,21.21
04/06/2017,21.24
04/07/2017,21.64
04/10/2017,22.52
04/11/2017,23.48
04/12/2017,24.15
04/13/2017,23.81
04/17/2017,23.63
04/18/2017,24.09
04/19/2017,23.58
04/20/2017,22.9
04/21/2017,23.18
04/24/2017,20.96
04/25/2017,21.15
04/26/2017,21.49
04/27/2017,21.29
04/28/2017,19.33
05/01/2017,19.43
05/02/2017,19.5
05/03/2017,18.86
05/04/2017,18.68
05/05/2017,18.41
05/08/2017,18.6
05/09/2017,18.91
05/10/2017,17.56
05/11/2017,17.82
05/12/2017,18.37
05/15/2017,18.3
05/16/2017,18.23
05/17/2017,21.82
05/18/2017,21.02
05/19/2017,19.55
05/22/2017,18.37
05/23/2017,18.36
05/24/2017,18.18
05/25/2017,18.19
05/26/2017,17.93
05/30/2017,18.92
05/31/2017,19.31
06/01/2017,18.79
06/02/2017,18.83
06/05/2017,19.12
06/06/2017,19.22
06/07/2017,17.84
06/08/2017,18.2
06/09/2017,20.4
06/12/2017,21.27
06/13/2017,19.87
06/14/2017,19.52
06/15/2017,20.42
06/16/2017,19.43
06/19/2017,19.27
06/20/2017,20.07
06/21/2017,20.49
06/22/2017,21.46
06/23/2017,21.04
06/26/2017,22.36
06/27/2017,23.77
06/28/2017,23.2
06/29/2017,24.94
06/30/2017,23.73
07/03/2017,24.8
07/05/2017,24.78
07/06/2017,25.41
07/07/2017,24.56
07/10/2017,25.11
07/11/2017,25.05
07/12/2017,25.14
07/13/2017,24.96
07/14/2017,24.44
07/17/2017,24.86
07/18/2017,25.23
07/19/2017,25.25
07/20/2017,25.11
07/21/2017,24.07
07/24/2017,23.97
07/25/2017,23.46
07/26/2017,23.02
07/27/2017,23.26
07/28/2017,21.87
07/31/2017,22.0
08/01/2017,21.61
08/02/2017,21.26
08/03/2017,21.13
08/04/2017,20.67
08/07/2017,20.97
08/08/2017,21.73
08/09/2017,20.85
08/10/2017,23.12
08/11/2017,22.49
08/14/2017,20.71
08/15/2017,20.95
08/16/2017,20.86
08/17/2017,22.98
08/18/2017,22.78
08/21/2017,21.66
08/22/2017,20.92
08/23/2017,21.13
08/24/2017,21.43
08/25/2017,20.67
08/28/2017,21.04
08/29/2017,21.09
08/30/2017,21.34
08/31/2017,21.3
09/01/2017,20.93
09/05/2017,22.69
09/06/2017,20.81
09/07/2017,21.24
09/08/2017,21.49
09/11/2017,21.37
09/12/2017,21.02
09/13/2017,19.68
09/14/2017,20.02
09/15/2017,20.57
09/18/2017,20.27
09/19/2017,20.13
09/20/2017,20.5
09/21/2017,20.28
09/22/2017,20.35
09/25/2017,22.63
09/26/2017,22.51
09/27/2017,22.33
09/28/2017,22.58
09/29/2017,22.06
10/02/2017,23.1
10/03/2017,23.31
10/04/2017,23.51
10/05/2017,23.59
10/06/2017,23.58
10/09/2017,24.42
10/10/2017,24.74
10/11/2017,24.71
10/12/2017,24.79
10/13/2017,24.46
10/16/2017,25.0
10/17/2017,25.01
10/18/2017,24.74
10/19/2017,24.77
10/20/2017,25.03
10/23/2017,24.66
10/24/2017,24.63
10/25/2017,25.14
10/26/2017,24.88
10/27/2017,23.54
10/30/2017,24.57
10/31/2017,24.57
11/01/2017,24.78
11/02/2017,23.69
11/03/2017,22.99
11/06/2017,22.95
11/07/2017,22.92
11/08/2017,21.74
11/09/2017,22.17
11/10/2017,21.65
11/13/2017,22.35
11/14/2017,22.23
11/15/2017,22.84
11/16/2017,21.93
11/17/2017,21.54
11/20/2017,21.07
11/21/2017,20.4
11/22/2017,20.29
11/24/2017,20.51
11/27/2017,21.16
11/28/2017,21.48
11/29/2017,24.02
11/30/2017,23.42
12/01/2017,23.87
12/04/2017,26.4
12/05/2017,24.71
12/06/2017,22.16
12/07/2017,21.21
12/08/2017,20.76
12/11/2017,21.03
12/12/2017,21.71
12/13/2017,20.48
12/14/2017,20.64
12/15/2017,20.11
12/18/2017,20.7
12/19/2017,20.96
12/20/2017,20.86
12/21/2017,20.78
12/22/2017,20.63
12/26/2017,22.41
12/27/2017,22.46
12/28/2017,22.22
12/29/2017,22.76
01/02/2018,23.77
01/03/2018,23.98
01/04/2018,24.08
01/05/2018,24.06
01/08/2018,24.93
01/09/2018,25.03
01/10/2018,24.85
01/11/2018,25.11
01/12/2018,25.67
01/16/2018,27.54
01/17/2018,27.58
01/18/2018,27.33
01/19/2018,26.61
01/22/2018,26.35
01/23/2018,26.87
01/24/2018,27.97
01/25/2018,28.43
01/26/2018,28.63
01/29/2018,31.9
01/30/2018,31.35
01/31/2018,30.54
02/01/2018,28.13
02/02/2018,28.01
02/05/2018,33.83
02/06/2018,32.09
02/07/2018,29.5
02/08/2018,34.48
02/09/2018,36.26
02/12/2018,31.35
02/13/2018,30.47
02/14/2018,28.23
02/15/2018,27.49
02/16/2018,27.17
02/20/2018,27.53
02/21/2018,27.06
02/22/2018,26.77
02/23/2018,24.64
02/26/2018,24.82
02/27/2018,26.16
02/28/2018,27.34
03/01/2018,29.31
03/02/2018,28.36
03/05/2018,27.43
03/06/2018,27.05
03/07/2018,25.98
03/08/2018,24.87
03/09/2018,23.01
03/12/2018,24.57
03/13/2018,25.83
03/14/2018,25.15
03/15/2018,24.7
03/16/2018,23.51
03/19/2018,27.17
03/20/2018,26.83
03/21/2018,27.0
03/22/2018,30.83
03/23/2018,33.36
03/26/2018,31.08
03/27/2018,34.11
03/28/2018,35.22
03/29/2018,32.0
04/02/2018,36.2
04/03/2018,34.33
04/04/2018,32.95
04/05/2018,32.01
04/06/2018,34.51
04/09/2018,34.6
04/10/2018,33.18
04/11/2018,32.7
04/12/2018,31.74
04/13/2018,31.34
04/16/2018,30.21
04/17/2018,28.93
04/18/2018,29.3
04/19/2018,30.86
04/20/2018,31.61
04/23/2018,30.63
04/24/2018,31.84
04/25/2018,30.95
04/26/2018,28.8
04/27/2018,26.43
04/30/2018,26.58
05/01/2018,26.21
05/02/2018,25.59
05/03/2018,25.98
05/04/2018,24.63
05/07/2018,25.01
05/08/2018,25.05
05/09/2018,23.51
05/10/2018,23.09
05/11/2018,22.38
05/14/2018,22.73
05/15/2018,23.77
05/16/2018,23.37
05/17/2018,22.96
05/18/2018,22.65
05/21/2018,22.08
05/22/2018,22.02
05/23/2018,21.92
05/24/2018,21.93
05/25/2018,21.83
05/29/2018,24.18
05/30/2018,22.62
05/31/2018,23.34
06/01/2018,22.05
06/04/2018,22.63
06/05/2018,22.73
06/06/2018,20.5
06/07/2018,21.1
06/08/2018,20.68
06/11/2018,21.67
06/12/2018,21.46
06/13/2018,20.75
06/14/2018,21.07
06/15/2018,21.27
06/18/2018,22.66
06/19/2018,23.85
06/20/2018,24.13
06/21/2018,24.6
06/22/2018,24.12
06/25/2018,27.27
06/26/2018,26.64
06/27/2018,28.11
06/28/2018,27.61
06/29/2018,27.59
07/02/2018,27.11
07/03/2018,27.69
07/05/2018,27.32
07/06/2018,26.37
07/09/2018,26.3
07/10/2018,25.99
07/11/2018,26.74
07/12/2018,26.33
07/13/2018,26.08
07/16/2018,26.73
07/17/2018,26.53
07/18/2018,26.34
07/19/2018,27.18
07/20/2018,25.82
07/23/2018,25.1
07/24/2018,24.43
07/25/2018,23.81
07/26/2018,23.94
07/27/2018,23.1
07/30/2018,24.33
07/31/2018,23.88
08/01/2018,22.84
08/02/2018,22.17
08/03/2018,21.3
08/06/2018,21.1
08/07/2018,21.18
08/08/2018,19.59
08/09/2018,19.73
08/10/2018,20.48
08/13/2018,21.22
08/14/2018,20.61
08/15/2018,22.04
08/16/2018,21.4
08/17/2018,20.46
08/20/2018,20.49
08/21/2018,20.35
08/22/2018,20.22
08/23/2018,20.42
08/24/2018,20.08
08/27/2018,20.55
08/28/2018,20.53
08/29/2018,20.54
08/30/2018,21.42
08/31/2018,21.63
09/04/2018,23.18
09/05/2018,24.19
09/06/2018,24.65
09/07/2018,24.48
09/10/2018,25.04
09/11/2018,24.7
09/12/2018,22.98
09/13/2018,22.65
09/14/2018,22.39
09/17/2018,24.98
09/18/2018,24.02
09/19/2018,23.9
09/20/2018,23.65
09/21/2018,24.91
09/24/2018,24.07
09/25/2018,24.1
09/26/2018,24.62
09/27/2018,24.42
09/28/2018,24.65
10/01/2018,25.34
10/02/2018,26.27
10/03/2018,26.4
10/04/2018,28.68
10/05/2018,29.2
10/08/2018,30.5
10/09/2018,30.39
10/10/2018,35.1
10/11/2018,37.71
10/12/2018,34.09
10/15/2018,34.52
10/16/2018,31.91
10/17/2018,32.02
10/18/2018,34.34
10/19/2018,33.48
10/22/2018,32.96
10/23/2018,34.4
10/24/2018,40.49
10/25/2018,35.66
10/26/2018,37.57
10/29/2018,39.7
10/30/2018,37.59
10/31/2018,34.45
11/01/2018,32.93
11/02/2018,32.43
11/05/2018,32.3
11/06/2018,30.92
11/07/2018,27.03
11/08/2018,27.31
11/09/2018,28.57
11/12/2018,32.77
11/13/2018,32.39
11/14/2018,33.34
11/15/2018,32.36
11/16/2018,30.88
11/19/2018,33.92
11/20/2018,36.24
11/21/2018,33.08
11/23/2018,34.1
11/26/2018,31.55
11/27/2018,30.93
11/28/2018,29.44
11/29/2018,29.82
11/30/2018,29.52
12/03/2018,26.51
12/04/2018,31.43
12/06/2018,32.86
12/07/2018,35.54
12/10/2018,35.08
12/11/2018,33.95
12/12/2018,30.79
12/13/2018,30.21
12/14/2018,32.87
12/17/2018,36.7
12/18/2018,36.66
12/19/2018,37.3
12/20/2018,40.6
12/21/2018,43.51
12/24/2018,47.74
12/26/2018,43.26
12/27/2018,43.46
12/28/2018,41.09
12/31/2018,38.99
01/02/2019,37.6
01/03/2019,40.21
01/04/2019,36.14
01/07/2019,36.68
01/08/2019,35.46
01/09/2019,34.88
01/10/2019,34.46
01/11/2019,33.46
01/14/2019,33.5
01/15/2019,32.34
01/16/2019,31.79
01/17/2019,31.44
01/18/2019,29.97
01/22/2019,32.78
01/23/2019,32.33
01/24/2019,31.87
01/25/2019,30.11
01/28/2019,31.7
01/29/2019,31.81
01/30/2019,29.63
01/31/2019,28.1
02/01/2019,26.66
02/04/2019,26.11
02/05/2019,24.98
02/06/2019,24.44
02/07/2019,25.59
02/08/2019,26.01
02/11/2019,26.21
02/12/2019,25.22
02/13/2019,24.91
02/14/2019,25.37
02/15/2019,24.72
02/19/2019,23.92
02/20/2019,23.76
02/21/2019,23.92
02/22/2019,23.29
02/25/2019,23.63
02/26/2019,23.4
02/27/2019,23.5
02/28/2019,23.72
03/01/2019,23.06
03/04/2019,24.54
03/05/2019,24.08
03/06/2019,23.42
03/07/2019,24.54
03/08/2019,24.87
03/11/2019,23.59
03/12/2019,23.42
03/13/2019,22.11
03/14/2019,22.4
03/15/2019,22.55
03/18/2019,22.66
03/19/2019,23.49
03/20/2019,23.93
03/21/2019,24.0
03/22/2019,26.31
03/25/2019,26.91
03/26/2019,26.17
03/27/2019,26.81
03/28/2019,26.16
03/29/2019,25.32
04/01/2019,25.16
04/02/2019,25.48
04/03/2019,25.81
04/04/2019,26.1
04/05/2019,25.8
04/08/2019,26.65
04/09/2019,27.93
04/10/2019,27.49
04/11/2019,27.61
04/12/2019,27.32
04/15/2019,27.66
04/16/2019,26.93
04/17/2019,27.31
04/18/2019,26.18
04/22/2019,25.74
04/23/2019,25.57
04/24/2019,25.8
04/25/2019,24.82
04/26/2019,24.02
04/29/2019,24.0
04/30/2019,23.2
05/01/2019,22.78
05/02/2019,23.43
05/03/2019,22.67
05/06/2019,24.27
05/07/2019,28.19
05/08/2019,26.67
05/09/2019,27.14
05/10/2019,24.96
05/13/2019,28.89
05/14/2019,26.39
05/15/2019,24.37
05/16/2019,23.43
05/17/2019,24.46
05/20/2019,25.97
05/21/2019,24.15
05/22/2019,24.43
05/23/2019,27.21
05/24/2019,25.44
05/28/2019,26.65
05/29/2019,27.42
05/30/2019,27.12
05/31/2019,28.28
06/03/2019,29.88
06/04/2019,27.78
06/05/2019,27.61
06/06/2019,26.78
06/07/2019,26.29
06/10/2019,26.68
06/11/2019,26.74
06/12/2019,25.44
06/13/2019,25.36
06/14/2019,24.8
06/17/2019,25.93
06/18/2019,26.03
06/19/2019,25.35
06/20/2019,25.93
06/21/2019,26.02
06/24/2019,26.13
06/25/2019,27.54
06/26/2019,27.46
06/27/2019,27.28
06/28/2019,27.26
07/01/2019,25.33
07/02/2019,24.71
07/03/2019,24.7
07/05/2019,25.5
07/08/2019,26.64
07/09/2019,26.62
07/10/2019,26.36
07/11/2019,26.42
07/12/2019,26.35
07/15/2019,26.63
07/16/2019,27.12
07/17/2019,27.59
07/18/2019,26.9
07/19/2019,26.55
07/22/2019,26.02
07/23/2019,26.0
07/24/2019,25.71
07/25/2019,25.13
07/26/2019,23.3
07/29/2019,24.1
07/30/2019,24.33
07/31/2019,24.68
08/01/2019,27.0
08/02/2019,27.86
08/05/2019,33.59
08/06/2019,30.32
08/07/2019,29.76
08/08/2019,26.94
08/09/2019,28.07
08/12/2019,30.18
08/13/2019,27.46
08/14/2019,30.95
08/15/2019,30.48
08/16/2019,27.68
08/19/2019,26.06
08/20/2019,26.57
08/21/2019,25.51
08/22/2019,26.2
08/23/2019,30.49
08/26/2019,29.22
08/27/2019,29.92
08/28/2019,28.78
08/29/2019,26.86
08/30/2019,27.06
09/03/2019,29.1
09/04/2019,27.33
09/05/2019,25.97
09/06/2019,25.4
09/09/2019,26.43
09/10/2019,26.55
09/11/2019,24.43
09/12/2019,24.14
09/13/2019,23.83
09/16/2019,25.82
09/17/2019,25.75
09/18/2019,25.43
09/19/2019,24.83
09/20/2019,25.74
09/23/2019,26.19
09/24/2019,28.29
09/25/2019,27.18
09/26/2019,27.75
09/27/2019,28.77
09/30/2019,28.54
10/01/2019,29.74
10/02/2019,32.18
10/03/2019,31.01
10/04/2019,28.99
10/07/2019,29.83
10/08/2019,32.18
10/09/2019,31.14
10/10/2019,30.66
10/11/2019,29.79
10/14/2019,29.21
10/15/2019,28.15
10/16/2019,28.47
10/17/2019,27.14
10/18/2019,28.41
10/21/2019,27.43
10/22/2019,28.27
10/23/2019,27.53
10/24/2019,26.37
10/25/2019,25.29
10/28/2019,25.86
10/29/2019,25.24
10/30/2019,25.06
10/31/2019,23.57
11/01/2019,22.85
11/04/2019,23.59
11/05/2019,23.77
11/06/2019,21.71
11/07/2019,22.01
11/08/2019,21.5
11/11/2019,21.91
11/12/2019,21.78
11/13/2019,22.11
11/14/2019,22.0
11/15/2019,21.45
11/18/2019,22.19
11/19/2019,22.34
11/20/2019,23.18
11/21/2019,23.28
11/22/2019,22.56
11/25/2019,22.02
11/26/2019,21.8
11/27/2019,21.92
11/29/2019,22.61
12/02/2019,24.25
12/03/2019,25.32
12/04/2019,24.29
12/05/2019,23.87
12/06/2019,22.71
12/09/2019,23.43
12/10/2019,23.53
12/11/2019,22.0
12/12/2019,22.04
12/13/2019,20.11
12/16/2019,20.64
12/17/2019,20.79
12/18/2019,21.09
12/19/2019,21.11
12/20/2019,20.88
12/23/2019,21.04
12/24/2019,21.53
12/26/2019,22.66
12/27/2019,23.55
12/30/2019,24.4
12/31/2019,24.24
01/02/2020,24.42
01/03/2020,25.01
01/06/2020,25.54
01/07/2020,25.49
01/08/2020,26.07
01/09/2020,25.83
01/10/2020,26.0
01/13/2020,26.33
01/14/2020,26.55
01/15/2020,25.97
01/16/2020,25.28
01/17/2020,24.83
01/21/2020,26.51
01/22/2020,25.96
01/23/2020,26.35
01/24/2020,27.66
01/27/2020,29.83
01/28/2020,27.83
01/29/2020,26.7
01/30/2020,25.88
01/31/2020,29.08
02/03/2020,28.53
02/04/2020,26.55
02/05/2020,26.41
02/06/2020,25.24
02/07/2020,26.07
02/10/2020,26.68
02/11/2020,27.52
02/12/2020,25.83
02/13/2020,25.78
02/14/2020,24.52
02/18/2020,25.68
02/19/2020,25.22
02/20/2020,26.4
02/21/2020,28.88
02/24/2020,33.96
02/25/2020,37.68
02/26/2020,36.68
02/27/2020,45.89
02/28/2020,53.36
03/02/2020,40.95
03/03/2020,46.69
03/04/2020,39.04
03/05/2020,49.88
03/06/2020,54.48
03/09/2020,65.65
03/10/2020,57.91
03/11/2020,64.82
03/12/2020,80.13
03/13/2020,71.97
03/16/2020,95.25
03/17/2020,86.24
03/18/2020,96.12
03/19/2020,89.54
03/20/2020,83.19
03/23/2020,75.77
03/24/2020,70.15
03/25/2020,76.05
03/26/2020,67.23
03/27/2020,71.48
03/30/2020,65.55
03/31/2020,61.15
04/01/2020,68.44
04/02/2020,63.52
04/03/2020,61.93
04/06/2020,54.23
04/07/2020,56.1
04/08/2020,53.71
04/09/2020,53.76
04/13/2020,54.8
04/14/2020,51.21
04/15/2020,54.35
04/16/2020,55.76
04/17/2020,53.01
04/20/2020,55.4
04/21/2020,58.8
04/22/2020,53.77
04/23/2020,52.36
04/24/2020,48.0
04/27/2020,45.91
04/28/2020,45.1
04/29/2020,42.53
04/30/2020,43.65
05/01/2020,45.15
05/04/2020,44.84
05/05/2020,42.24
05/06/2020,41.24
05/07/2020,39.55
05/08/2020,36.14
05/11/2020,36.9
05/12/2020,37.79
05/13/2020,42.36
05/14/2020,42.17
05/15/2020,40.3
05/18/2020,38.18
05/19/2020,38.41
05/20/2020,37.53
05/21/2020,38.03
05/22/2020,36.55
05/26/2020,36.58
05/27/2020,36.59
05/28/2020,37.01
05/29/2020,36.02
06/01/2020,36.34
06/02/2020,35.45
06/03/2020,34.89
06/04/2020,35.54
06/05/2020,34.34
06/08/2020,36.67
06/09/2020,37.89
06/10/2020,36.66
06/11/2020,46.94
06/12/2020,45.18
06/15/2020,44.02
06/16/2020,42.55
06/17/2020,42.31
06/18/2020,38.46
06/19/2020,38.08
06/22/2020,37.28
06/23/2020,36.76
06/24/2020,39.43
06/25/2020,38.72
06/26/2020,41.15
06/29/2020,39.52
06/30/2020,36.79
07/01/2020,36.35
07/02/2020,34.82
07/06/2020,36.98
07/07/2020,38.5
07/08/2020,39.79
07/09/2020,41.82
07/10/2020,41.9
07/13/2020,45.44
07/14/2020,45.45
07/15/2020,43.83
07/16/2020,43.22
07/17/2020,39.88
07/20/2020,39.42
07/21/2020,39.35
07/22/2020,38.13
07/23/2020,38.31
07/24/2020,37.74
07/27/2020,36.85
07/28/2020,36.45
07/29/2020,35.26
07/30/2020,35.24
07/31/2020,34.03
08/03/2020,35.44
08/04/2020,34.66
08/05/2020,33.95
08/06/2020,33.97
08/07/2020,35.15
08/10/2020,35.8
08/11/2020,36.52
08/12/2020,33.15
08/13/2020,33.98
08/14/2020,33.44
08/17/2020,33.28
08/18/2020,33.17
08/19/2020,33.46
08/20/2020,33.15
08/21/2020,35.21
08/24/2020,36.84
08/25/2020,36.16
08/26/2020,39.46
08/27/2020,41.22
08/28/2020,40.95
08/31/2020,41.24
09/01/2020,42.16
09/02/2020,44.71
09/03/2020,49.09
09/04/2020,48.39
09/08/2020,47.85
09/09/2020,41.01
09/10/2020,40.98
09/11/2020,39.43
09/14/2020,39.07
09/15/2020,38.32
09/16/2020,39.47
09/17/2020,40.09
09/18/2020,39.47
09/21/2020,41.7
09/22/2020,40.8
09/23/2020,42.85
09/24/2020,43.03
09/25/2020,41.03
09/28/2020,41.24
09/29/2020,41.38
09/30/2020,40.48
10/01/2020,41.47
10/02/2020,42.52
10/05/2020,42.29
10/06/2020,43.22
10/07/2020,42.53
10/08/2020,41.96
10/09/2020,40.39
10/12/2020,41.16
10/13/2020,41.35
10/14/2020,39.99
10/15/2020,40.99
10/16/2020,40.58
10/19/2020,43.13
10/20/2020,42.58
10/21/2020,42.19
10/22/2020,41.37
10/23/2020,41.08
10/26/2020,44.27
10/27/2020,43.36
10/28/2020,48.16
10/29/2020,44.97
10/30/2020,45.36
11/02/2020,44.46
11/03/2020,42.43
11/04/2020,38.19
11/05/2020,37.0
11/06/2020,35.05
11/09/2020,35.07
11/10/2020,36.47
11/11/2020,33.13
11/12/2020,34.62
11/13/2020,33.14
11/16/2020,32.77
11/17/2020,32.86
11/18/2020,33.08
11/19/2020,32.74
11/20/2020,32.75
11/23/2020,32.67
11/24/2020,32.34
11/25/2020,32.38
11/27/2020,33.01
11/30/2020,34.47
12/01/2020,34.41
12/02/2020,34.72
12/03/2020,34.12
12/04/2020,33.46
12/07/2020,34.25
12/08/2020,34.3
12/09/2020,33.9
12/10/2020,33.82
12/11/2020,34.71
12/14/2020,34.86
12/15/2020,34.42
12/16/2020,34.37
12/17/2020,33.93
12/18/2020,34.48
12/21/2020,35.25
12/22/2020,34.73
12/23/2020,34.09
12/24/2020,33.82
12/28/2020,34.78
12/29/2020,34.9
12/30/2020,34.71
12/31/2020,34.7
01/04/2021,38.07
01/05/2021,36.84
01/06/2021,37.28
01/07/2021,36.06
01/08/2021,36.08
01/11/2021,38.5
01/12/2021,38.14
01/13/2021,37.15
01/14/2021,37.87
01/15/2021,37.02
01/19/2021,35.78
01/20/2021,36.1
01/21/2021,36.66
01/22/2021,36.73
01/25/2021,39.37
01/26/2021,39.78
01/27/2021,44.89
01/28/2021,40.22
01/29/2021,42.46
02/01/2021,39.88
02/02/2021,36.71
02/03/2021,35.14
02/04/2021,33.94
02/05/2021,32.78
02/08/2021,33.48
02/09/2021,33.76
02/10/2021,33.35
02/11/2021,33.53
02/12/2021,32.62
02/16/2021,33.92
02/17/2021,33.99
02/18/2021,33.81
02/19/2021,33.13
02/22/2021,34.62
02/23/2021,34.97
02/24/2021,35.26
02/25/2021,39.39
02/26/2021,37.3
03/01/2021,34.14
03/02/2021,34.2
03/03/2021,36.74
03/04/2021,38.74
03/05/2021,36.23
03/08/2021,38.56
03/09/2021,35.86
03/10/2021,35.66
03/11/2021,34.13
03/12/2021,34.48
03/15/2021,34.16
03/16/2021,32.93
03/17/2021,32.94
03/18/2021,37.66
03/19/2021,35.27
03/22/2021,32.76
03/23/2021,32.93
03/24/2021,33.77
03/25/2021,34.1
03/26/2021,33.57
03/29/2021,34.86
03/30/2021,34.03
03/31/2021,33.14
04/01/2021,31.9
04/05/2021,32.82
04/06/2021,32.62
04/07/2021,32.99
04/08/2021,32.74
04/09/2021,32.11
04/12/2021,33.21
04/13/2021,33.38
04/14/2021,33.1
04/15/2021,32.53
04/16/2021,32.01
04/19/2021,33.41
04/20/2021,34.07
04/21/2021,32.54
04/22/2021,33.25
04/23/2021,31.27
04/26/2021,32.04
04/27/2021,31.5
04/28/2021,30.36
04/29/2021,29.08
04/30/2021,28.61
05/03/2021,28.55
05/04/2021,30.63
05/05/2021,29.93
05/06/2021,29.77
05/07/2021,28.39
05/10/2021,30.88
05/11/2021,32.46
05/12/2021,36.21
05/13/2021,33.6
05/14/2021,29.55
05/17/2021,31.33
05/18/2021,31.09
05/19/2021,32.64
05/20/2021,30.3
05/21/2021,29.96
05/24/2021,27.94
05/25/2021,28.13
05/26/2021,27.59
05/27/2021,27.71
05/28/2021,26.71
06/01/2021,28.17
06/02/2021,27.94
06/03/2021,28.81
06/04/2021,27.43
06/07/2021,27.66
06/08/2021,27.65
06/09/2021,26.57
06/10/2021,25.69
06/11/2021,24.93
06/14/2021,26.32
06/15/2021,26.55
06/16/2021,27.29
06/17/2021,27.48
06/18/2021,29.49
06/21/2021,28.46
06/22/2021,28.13
06/23/2021,28.36
06/24/2021,28.29
06/25/2021,28.27
06/28/2021,29.65
06/29/2021,29.49
06/30/2021,29.81
07/01/2021,29.26
07/02/2021,28.69
07/06/2021,31.01
07/07/2021,31.78
07/08/2021,33.01
07/09/2021,31.45
07/12/2021,31.06
07/13/2021,31.41
07/14/2021,30.03
07/15/2021,30.68
07/16/2021,30.77
07/19/2021,34.08
07/20/2021,31.7
07/21/2021,30.94
07/22/2021,30.9
07/23/2021,30.1
07/26/2021,31.04
07/27/2021,31.55
07/28/2021,29.65
07/29/2021,28.1
07/30/2021,28.11
08/02/2021,28.72
08/03/2021,28.62
08/04/2021,28.94
08/05/2021,28.16
08/06/2021,27.32
08/09/2021,27.47
08/10/2021,27.53
08/11/2021,26.2
08/12/2021,26.29
08/13/2021,25.82
08/16/2021,27.43
08/17/2021,29.24
08/18/2021,29.94
08/19/2021,31.07
08/20/2021,28.96
08/23/2021,27.76
08/24/2021,27.37
08/25/2021,27.13
08/26/2021,27.86
08/27/2021,26.47
08/30/2021,27.07
08/31/2021,27.61
09/01/2021,27.16
09/02/2021,27.34
09/03/2021,26.75
09/07/2021,28.3
09/08/2021,27.97
09/09/2021,28.05
09/10/2021,29.3
09/13/2021,29.42
09/14/2021,29.84
09/15/2021,28.53
09/16/2021,28.67
09/17/2021,29.7
09/20/2021,34.97
09/21/2021,33.53
09/22/2021,31.28
09/23/2021,29.69
09/24/2021,29.08
09/27/2021,30.36
09/28/2021,34.53
09/29/2021,34.25
09/30/2021,35.18
10/01/2021,33.53
10/04/2021,36.35
10/05/2021,34.41
10/06/2021,34.81
10/07/2021,32.91
10/08/2021,32.19
10/11/2021,33.45
10/12/2021,33.69
10/13/2021,31.27
10/14/2021,29.48
10/15/2021,28.45
10/18/2021,28.77
10/19/2021,28.57
10/20/2021,28.8
10/21/2021,28.77
10/22/2021,29.32
10/25/2021,30.78
10/26/2021,31.0
10/27/2021,31.0
10/28/2021,31.29
10/29/2021,30.92
11/01/2021,31.8
11/02/2021,32.1
11/03/2021,32.11
11/04/2021,33.6
11/05/2021,33.71
11/08/2021,33.79
11/09/2021,34.7
11/10/2021,32.61
11/11/2021,31.4
11/12/2021,31.32
11/15/2021,32.1
11/16/2021,31.51
11/17/2021,32.17
11/18/2021,32.63
11/19/2021,33.07
11/22/2021,34.05
11/23/2021,35.14
11/24/2021,34.42
11/26/2021,39.04
11/29/2021,35.95
11/30/2021,38.92
12/01/2021,40.99
12/02/2021,40.08
12/03/2021,43.82
12/06/2021,40.54
12/07/2021,36.29
12/08/2021,34.22
12/09/2021,35.03
12/10/2021,33.05
12/13/2021,35.57
12/14/2021,36.22
12/15/2021,34.35
12/16/2021,36.79
12/17/2021,36.45
12/20/2021,37.56
12/21/2021,33.92
12/22/2021,32.66
12/23/2021,32.31
12/27/2021,33.4
12/28/2021,33.3
12/29/2021,32.58
12/30/2021,32.32
12/31/2021,32.16
01/03/2022,33.47
01/04/2022,33.81
01/05/2022,36.34
01/06/2022,35.93
01/07/2022,35.79
01/10/2022,37.41
01/11/2022,35.53
01/12/2022,34.52
01/13/2022,37.31
01/14/2022,35.97
01/18/2022,39.14
01/19/2022,39.07
01/20/2022,39.49
01/21/2022,43.84
01/24/2022,48.06
01/25/2022,48.64
01/26/2022,46.68
01/27/2022,45.5
01/28/2022,41.03
01/31/2022,38.67
02/01/2022,37.51
02/02/2022,37.07
02/03/2022,41.49
02/04/2022,37.71
02/07/2022,38.32
02/08/2022,36.37
02/09/2022,33.56
02/10/2022,35.75
02/11/2022,39.46
02/14/2022,40.44
02/15/2022,37.39
02/16/2022,36.86
02/17/2022,39.76
02/18/2022,39.63
02/22/2022,40.57
02/23/2022,42.19
02/24/2022,41.48
02/25/2022,37.88
02/28/2022,40.34
03/01/2022,44.16
03/02/2022,40.18
03/03/2022,41.13
03/04/2022,43.59
03/07/2022,47.5
03/08/2022,46.87
03/09/2022,42.37
03/10/2022,42.29
03/11/2022,43.26
03/14/2022,45.37
03/15/2022,42.61
03/16/2022,39.1
03/17/2022,37.37
03/18/2022,35.71
03/21/2022,36.48
03/22/2022,35.34
03/23/2022,36.48
03/24/2022,35.75
03/25/2022,35.0
03/28/2022,35.6
03/29/2022,34.25
03/30/2022,34.71
03/31/2022,36.06
04/01/2022,35.26
04/04/2022,35.0
04/05/2022,36.96
04/06/2022,38.93
04/07/2022,39.08
04/08/2022,38.77
04/11/2022,41.53
04/12/2022,40.76
04/13/2022,37.97
04/14/2022,38.36
04/18/2022,39.24
04/19/2022,37.95
04/20/2022,40.13
04/21/2022,41.73
04/22/2022,45.44
04/25/2022,45.63
04/26/2022,50.12
04/27/2022,47.28
04/28/2022,43.83
04/29/2022,45.85
05/02/2022,45.61
05/03/2022,44.05
05/04/2022,39.87
05/05/2022,45.87
05/06/2022,44.72
05/09/2022,49.92
05/10/2022,48.31
05/11/2022,48.72
05/12/2022,49.71
05/13/2022,45.44
05/16/2022,45.32
05/17/2022,41.86
05/18/2022,47.74
05/19/2022,46.12
05/20/2022,45.95
05/23/2022,44.33
05/24/2022,45.91
05/25/2022,44.53
05/26/2022,41.86
05/27/2022,38.93
05/31/2022,41.04
06/01/2022,40.75
06/02/2022,39.33
06/03/2022,40.21
06/06/2022,39.95
06/07/2022,38.28
06/08/2022,37.08
06/09/2022,39.29
06/10/2022,41.65
06/13/2022,48.66
06/14/2022,46.7
06/15/2022,43.43
06/16/2022,47.3
06/17/2022,44.18
06/21/2022,42.86
06/22/2022,43.16
06/23/2022,42.69
06/24/2022,40.61
06/27/2022,41.67
06/28/2022,43.09
06/29/2022,43.33
06/30/2022,44.6
07/01/2022,43.03
07/05/2022,44.73
07/06/2022,44.74
07/07/2022,43.34
07/08/2022,41.92
07/11/2022,44.06
07/12/2022,44.92
07/13/2022,44.15
07/14/2022,43.75
07/15/2022,41.64
07/18/2022,42.87
07/19/2022,41.5
07/20/2022,40.82
07/21/2022,39.91
07/22/2022,40.0
07/25/2022,40.84
07/26/2022,42.16
07/27/2022,37.86
07/28/2022,35.95
07/29/2022,33.94
08/01/2022,35.95
08/02/2022,36.88
08/03/2022,35.15
08/04/2022,35.19
08/05/2022,33.85
08/08/2022,34.62
08/09/2022,35.34
08/10/2022,32.34
08/11/2022,32.85
08/12/2022,31.73
08/15/2022,32.52
08/16/2022,32.12
08/17/2022,32.82
08/18/2022,32.09
08/19/2022,32.74
08/22/2022,35.41
08/23/2022,35.39
08/24/2022,34.9
08/25/2022,33.26
08/26/2022,36.57
08/29/2022,37.57
08/30/2022,37.94
08/31/2022,38.1
09/01/2022,38.22
09/02/2022,38.39
09/06/2022,39.8
09/07/2022,36.6
09/08/2022,35.98
09/09/2022,33.93
09/12/2022,35.02
09/13/2022,38.83
09/14/2022,37.68
09/15/2022,38.2
09/16/2022,39.08
09/19/2022,38.41
09/20/2022,39.84
09/21/2022,40.61
09/22/2022,40.44
09/23/2022,42.86
09/26/2022,45.23
09/27/2022,45.71
09/28/2022,44.04
09/29/2022,46.38
09/30/2022,46.09
10/03/2022,44.62
10/04/2022,42.95
10/05/2022,43.56
10/06/2022,44.85
10/07/2022,46.2
10/10/2022,47.97
10/11/2022,49.07
10/12/2022,49.36
10/13/2022,47.95
10/14/2022,48.17
10/17/2022,47.32
10/18/2022,46.75
10/19/2022,46.98
10/20/2022,45.74
10/21/2022,44.74
10/24/2022,45.13
10/25/2022,43.65
10/26/2022,42.35
10/27/2022,42.9
10/28/2022,39.12
10/31/2022,39.46
11/01/2022,39.35
11/02/2022,39.81
11/03/2022,39.93
11/04/2022,39.11
11/07/2022,39.58
11/08/2022,39.92
11/09/2022,39.6
11/10/2022,37.23
11/11/2022,36.81
11/14/2022,38.58
11/15/2022,38.74
11/16/2022,38.62
11/17/2022,37.81
11/18/2022,36.71
11/21/2022,36.63
11/22/2022,34.93
11/23/2022,34.25
11/25/2022,34.77
11/28/2022,36.84
11/29/2022,36.76
11/30/2022,34.76
12/01/2022,34.89
12/02/2022,33.79
12/05/2022,35.93
12/06/2022,37.43
12/07/2022,35.75
12/08/2022,35.08
12/09/2022,35.19
12/12/2022,36.47
12/13/2022,34.43
12/14/2022,33.85
12/15/2022,35.48
12/16/2022,35.67
12/19/2022,35.59
12/20/2022,35.31
12/21/2022,33.75
12/22/2022,36.74
12/23/2022,35.61
12/27/2022,38.12
12/28/2022,39.07
12/29/2022,37.77
12/30/2022,38.08
01/03/2023,39.71
01/04/2023,39.19
01/05/2023,39.44
01/06/2023,37.59
01/09/2023,38.81
01/10/2023,38.33
01/11/2023,38.67
01/12/2023,37.12
01/13/2023,35.43
01/17/2023,36.91
01/18/2023,37.32
01/19/2023,38.07
01/20/2023,36.39
01/23/2023,36.05
01/24/2023,36.12
01/25/2023,35.48
01/26/2023,34.23
01/27/2023,35.0
01/30/2023,36.76
01/31/2023,35.74
02/01/2023,34.74
02/02/2023,36.45
02/03/2023,33.94
02/06/2023,34.65
02/07/2023,34.07
02/08/2023,34.72
02/09/2023,36.11
02/10/2023,35.42
02/13/2023,36.09
02/14/2023,34.64
02/15/2023,33.61
02/16/2023,34.46
02/17/2023,33.8
02/21/2023,35.5
02/22/2023,34.94
02/23/2023,33.56
02/24/2023,33.86
02/27/2023,33.87
02/28/2023,33.46
03/01/2023,33.71
03/02/2023,32.53
03/03/2023,31.04
03/06/2023,31.57
03/07/2023,32.24
03/08/2023,31.22
03/09/2023,34.17
03/10/2023,36.46
03/13/2023,38.32
03/14/2023,35.47
03/15/2023,38.6
03/16/2023,35.18
03/17/2023,37.6
03/20/2023,36.11
03/21/2023,34.2
03/22/2023,35.14
03/23/2023,36.61
03/24/2023,36.34
03/27/2023,35.58
03/28/2023,34.94
03/29/2023,33.68
03/30/2023,33.57
03/31/2023,32.71
04/03/2023,33.08
04/04/2023,33.86
04/05/2023,34.2
04/06/2023,33.78
04/10/2023,35.21
04/11/2023,35.05
04/12/2023,35.14
04/13/2023,34.03
04/14/2023,33.38
04/17/2023,33.06
04/18/2023,32.56
04/19/2023,32.41
04/20/2023,32.64
04/21/2023,31.85
04/24/2023,31.79
04/25/2023,34.2
04/26/2023,33.49
04/27/2023,31.31
04/28/2023,28.95
05/01/2023,29.9
05/02/2023,31.42
05/03/2023,32.1
05/04/2023,33.65
05/05/2023,30.02
05/08/2023,30.53
05/09/2023,30.65
05/10/2023,29.06
05/11/2023,29.43
05/12/2023,29.24
05/15/2023,29.35
05/16/2023,30.18
05/17/2023,28.97
05/18/2023,28.9
05/19/2023,28.89
05/22/2023,29.16
05/23/2023,30.36
05/24/2023,31.74
05/25/2023,32.19
05/26/2023,32.13
05/30/2023,33.21
05/31/2023,33.06
06/01/2023,31.31
06/02/2023,29.42
06/05/2023,29.47
06/06/2023,28.23
06/07/2023,27.76
06/08/2023,27.82
06/09/2023,28.08
06/12/2023,29.5
06/13/2023,29.22
06/14/2023,29.3
06/15/2023,29.78
06/16/2023,29.47
06/20/2023,30.33
06/21/2023,29.36
06/22/2023,29.08
06/23/2023,28.94
06/26/2023,30.04
06/27/2023,29.53
06/28/2023,29.84
06/29/2023,29.54
06/30/2023,28.7
07/03/2023,29.63
07/05/2023,30.6
07/06/2023,31.61
07/07/2023,31.22
07/10/2023,32.52
07/11/2023,32.23
07/12/2023,32.18
07/13/2023,32.87
07/14/2023,33.21
07/17/2023,34.19
07/18/2023,34.48
07/19/2023,34.83
07/20/2023,33.77
07/21/2023,33.19
07/24/2023,32.95
07/25/2023,33.47
07/26/2023,31.31
07/27/2023,31.03
07/28/2023,29.65
07/31/2023,30.65
08/01/2023,30.59
08/02/2023,31.97
08/03/2023,32.13
08/04/2023,30.86
08/07/2023,30.66
08/08/2023,31.22
08/09/2023,31.69
08/10/2023,31.04
08/11/2023,30.06
08/14/2023,30.59
08/15/2023,31.72
08/16/2023,32.13
08/17/2023,32.49
08/18/2023,32.33
08/21/2023,32.25
08/22/2023,32.5
08/23/2023,31.82
08/24/2023,30.64
08/25/2023,29.08
08/28/2023,29.19
08/29/2023,28.3
08/30/2023,28.03
08/31/2023,27.72
09/01/2023,26.75
09/05/2023,27.95
09/06/2023,27.42
09/07/2023,28.1
09/08/2023,27.03
09/11/2023,27.69
09/12/2023,27.72
09/13/2023,26.86
09/14/2023,26.32
09/15/2023,26.64
09/18/2023,26.96
09/19/2023,27.22
09/20/2023,28.1
09/21/2023,30.11
09/22/2023,30.31
09/25/2023,31.02
09/26/2023,32.8
09/27/2023,32.58
09/28/2023,31.7
09/29/2023,31.28
10/02/2023,32.43
10/03/2023,34.85
10/04/2023,34.09
10/05/2023,33.69
10/06/2023,32.88
10/09/2023,33.7
10/10/2023,33.07
10/11/2023,33.0
10/12/2023,33.32
10/13/2023,34.89
10/16/2023,34.08
10/17/2023,34.04
10/18/2023,35.88
10/19/2023,36.24
10/20/2023,36.98
10/23/2023,36.48
10/24/2023,35.45
10/25/2023,36.09
10/26/2023,36.13
10/27/2023,34.81
10/30/2023,34.05
10/31/2023,32.7
11/01/2023,31.15
11/02/2023,29.49
11/03/2023,28.53
11/06/2023,28.59
11/07/2023,28.45
11/08/2023,27.86
11/09/2023,28.65
11/10/2023,27.9
11/13/2023,28.74
11/14/2023,27.97
11/15/2023,28.54
11/16/2023,28.27
11/17/2023,28.09
11/20/2023,26.97
11/21/2023,26.85
11/22/2023,25.05
11/24/2023,24.94
11/27/2023,25.31
11/28/2023,25.23
11/29/2023,25.47
11/30/2023,25.12
12/01/2023,25.03
12/04/2023,26.34
12/05/2023,26.28
12/06/2023,25.14
12/07/2023,24.95
12/08/2023,24.0
12/11/2023,25.15
12/12/2023,24.32
12/13/2023,24.8
12/14/2023,25.66
12/15/2023,25.7
12/18/2023,25.49
12/19/2023,25.44
12/20/2023,26.55
12/21/2023,26.46
12/22/2023,26.05
12/26/2023,27.65
12/27/2023,27.52
12/28/2023,27.29
12/29/2023,27.09
01/02/2024,29.09
01/03/2024,29.5
01/04/2024,29.54
01/05/2024,28.86
01/08/2024,29.32
01/09/2024,29.32
01/10/2024,29.88
01/11/2024,29.99
01/12/2024,29.44
01/16/2024,30.81
01/17/2024,31.37
01/18/2024,31.08
01/19/2024,30.75
01/22/2024,31.28
01/23/2024,30.67
01/24/2024,30.98
01/25/2024,31.07
01/26/2024,30.55
01/29/2024,31.15
01/30/2024,31.97
01/31/2024,30.46
02/01/2024,29.74
02/02/2024,28.09
02/05/2024,29.69
02/06/2024,29.08
02/07/2024,28.58
02/08/2024,28.71
02/09/2024,28.94
02/12/2024,30.97
02/13/2024,32.27
02/14/2024,31.68
02/15/2024,31.85
02/16/2024,32.17
02/20/2024,32.23
02/21/2024,31.47
02/22/2024,29.06
02/23/2024,28.61
02/26/2024,29.26
02/27/2024,28.77
02/28/2024,28.7
02/29/2024,28.21
03/01/2024,28.83
03/04/2024,30.84
03/05/2024,31.85
03/06/2024,32.16
03/07/2024,33.64
03/08/2024,33.54
03/11/2024,33.11
03/12/2024,33.31
03/13/2024,32.72
03/14/2024,32.07
03/15/2024,32.09
03/18/2024,31.91
03/19/2024,29.7
03/20/2024,28.87
03/21/2024,29.69
03/22/2024,29.72
03/25/2024,31.15
03/26/2024,30.85
03/27/2024,30.26
03/28/2024,29.98
04/01/2024,31.93
04/02/2024,32.02
04/03/2024,32.12
04/04/2024,33.7
04/05/2024,32.95
04/08/2024,33.62
04/09/2024,33.28
04/10/2024,34.59
04/11/2024,34.42
04/12/2024,35.73
04/15/2024,36.91
04/16/2024,36.39
04/17/2024,36.74
04/18/2024,36.62
04/19/2024,37.79
04/22/2024,36.5
04/23/2024,35.72
04/24/2024,35.84
04/25/2024,35.57
04/26/2024,33.04
04/29/2024,34.19
04/30/2024,34.65
05/01/2024,32.82
05/02/2024,31.87
05/03/2024,30.35
05/06/2024,30.67
05/07/2024,30.16
05/08/2024,30.3
05/09/2024,29.59
05/10/2024,28.98
05/13/2024,29.65
05/14/2024,29.23
05/15/2024,29.37
05/16/2024,29.48
05/17/2024,28.95
05/20/2024,28.71
05/21/2024,28.36
05/22/2024,28.82
05/23/2024,27.31
05/24/2024,26.47
05/28/2024,28.93
05/29/2024,29.89
05/30/2024,30.4
05/31/2024,29.54
06/03/2024,30.33
06/04/2024,29.79
06/05/2024,30.11
06/06/2024,30.1
06/07/2024,29.44
06/10/2024,29.04
06/11/2024,29.25
06/12/2024,28.58
06/13/2024,29.39
06/14/2024,29.83
06/17/2024,31.08
06/18/2024,30.98
06/20/2024,31.98
06/21/2024,31.15
06/24/2024,32.44
06/25/2024,31.75
06/26/2024,32.15
06/27/2024,32.2
06/28/2024,32.08
07/01/2024,32.48
07/02/2024,32.08
07/03/2024,32.98
07/05/2024,33.66
07/08/2024,34.82
07/09/2024,35.12
07/10/2024,36.26
07/11/2024,36.83
07/12/2024,36.17
07/15/2024,36.67
07/16/2024,36.08
07/17/2024,37.6
07/18/2024,38.12
07/19/2024,38.17
07/22/2024,37.12
07/23/2024,36.96
07/24/2024,38.19
07/25/2024,38.75
07/26/2024,37.61
07/29/2024,38.26
07/30/2024,39.13
07/31/2024,37.22
08/01/2024,39.28
08/02/2024,42.26
08/05/2024,51.52
08/06/2024,43.39
08/07/2024,44.1
08/08/2024,40.21
08/09/2024,38.42
08/12/2024,38.43
08/13/2024,37.28
08/14/2024,36.07
08/15/2024,34.72
08/16/2024,34.89
08/19/2024,35.12
08/20/2024,36.03
08/21/2024,35.69
08/22/2024,37.69
08/23/2024,35.95
08/26/2024,37.8
08/27/2024,36.28
08/28/2024,37.15
08/29/2024,32.37
08/30/2024,30.76
09/03/2024,35.26
09/04/2024,35.54
09/05/2024,35.18
09/06/2024,36.89
09/09/2024,35.55
09/10/2024,35.24
09/11/2024,34.6
09/12/2024,34.24
09/13/2024,33.07
09/16/2024,33.68
09/17/2024,33.59
09/18/2024,33.76
09/19/2024,32.02
09/20/2024,32.02
09/23/2024,32.22
09/24/2024,32.63
09/25/2024,33.34
09/26/2024,33.79
09/27/2024,34.68
09/30/2024,35.28
10/01/2024,36.76
10/02/2024,36.58
10/03/2024,37.25
10/04/2024,35.95
10/07/2024,38.73
10/08/2024,37.94
10/09/2024,38.39
10/10/2024,38.41
10/11/2024,37.18
10/14/2024,36.69
10/15/2024,37.76
10/16/2024,37.28
10/17/2024,37.27
10/18/2024,36.15
10/21/2024,37.11
10/22/2024,37.57
10/23/2024,38.34
10/24/2024,38.13
10/25/2024,38.52
10/28/2024,38.8
10/29/2024,38.71
10/30/2024,38.43
10/31/2024,39.11
11/01/2024,36.46
11/04/2024,36.77
11/05/2024,35.95
11/06/2024,32.86
11/07/2024,31.79
11/08/2024,31.7
11/11/2024,34.08
11/12/2024,34.21
11/13/2024,33.76
11/14/2024,33.32
11/15/2024,36.13
11/18/2024,35.49
11/19/2024,35.17
11/20/2024,37.13
11/21/2024,33.2
11/22/2024,32.39
11/25/2024,31.69
11/26/2024,30.34
11/27/2024,29.97
11/29/2024,29.71
12/02/2024,30.42
12/03/2024,30.03
12/04/2024,29.97
12/05/2024,30.5
12/06/2024,30.95
12/09/2024,32.07
12/10/2024,31.82
12/11/2024,31.17
12/12/2024,31.25
12/13/2024,31.72
12/16/2024,34.33
12/17/2024,35.17
12/18/2024,37.74
12/19/2024,39.52
12/20/2024,35.46
12/23/2024,34.25
12/24/2024,32.79
12/26/2024,34.08
12/27/2024,34.75
12/30/2024,35.59
12/31/2024,35.46
01/02/2025,35.54
01/03/2025,35.1
01/06/2025,36.67
01/07/2025,36.68
01/08/2025,36.97
01/10/2025,37.82
01/13/2025,38.45
01/14/2025,38.06
01/15/2025,36.09
01/16/2025,35.79
01/17/2025,35.44
01/21/2025,35.68
01/22/2025,35.38
01/23/2025,34.99
01/24/2025,34.96
01/27/2025,40.74
01/28/2025,38.53
01/29/2025,40.73
01/30/2025,38.6
01/31/2025,38.51
02/03/2025,39.41
02/04/2025,37.66
02/05/2025,36.43
02/06/2025,35.06
02/07/2025,35.56
02/10/2025,35.29
02/11/2025,35.33
02/12/2025,35.31
02/13/2025,35.02
02/14/2025,34.62
02/18/2025,36.04
02/19/2025,35.5
02/20/2025,35.41
02/21/2025,37.82
02/24/2025,39.13
02/25/2025,40.54
02/26/2025,39.11
02/27/2025,39.47
02/28/2025,37.55
03/03/2025,40.85
03/04/2025,41.97
03/05/2025,39.6
03/06/2025,41.92
03/07/2025,40.11
03/10/2025,45.74
03/11/2025,44.96
03/12/2025,41.82
03/13/2025,42.51
03/14/2025,38.82
03/17/2025,37.94
03/18/2025,38.88
03/19/2025,36.9
03/20/2025,36.88
03/21/2025,35.77
03/24/2025,35.25
03/25/2025,35.08
03/26/2025,36.8
03/27/2025,37.26
03/28/2025,39.69
03/31/2025,40.74
04/01/2025,40.35
04/02/2025,40.1
04/03/2025,47.13
04/04/2025,60.38
04/07/2025,64.74
04/08/2025,70.16
04/09/2025,51.7
04/10/2025,62.13
04/11/2025,57.5
04/14/2025,52.16
04/15/2025,48.54
04/16/2025,51.51
04/17/2025,49.18
04/21/2025,52.29
04/22/2025,48.98
04/23/2025,46.7
04/24/2025,44.71
04/25/2025,42.72
04/28/2025,43.58
04/29/2025,42.77
04/30/2025,43.32
05/01/2025,41.34
05/02/2025,38.94
05/05/2025,39.8
05/06/2025,39.94
05/07/2025,40.34
05/08/2025,39.06
05/09/2025,38.43
05/12/2025,35.87
05/13/2025,36.64
05/14/2025,38.46
05/15/2025,37.9
05/16/2025,37.78
05/19/2025,37.76
05/20/2025,37.53
05/21/2025,39.19
05/22/2025,38.9
05/23/2025,39.77
05/27/2025,38.64
05/28/2025,38.47
05/29/2025,36.42
05/30/2025,35.87
06/02/2025,35.53
06/03/2025,34.92
06/04/2025,35.01
06/05/2025,36.59
06/06/2025,34.06
06/09/2025,34.01
06/10/2025,33.74
06/11/2025,32.83
06/12/2025,32.34
06/13/2025,33.99
06/16/2025,33.16
06/17/2025,34.39
06/18/2025,33.98
06/20/2025,34.09
06/23/2025,33.63
06/24/2025,32.62
06/25/2025,33.22
06/26/2025,33.4
06/27/2025,33.65
06/30/2025,34.49
07/01/2025,34.69
07/02/2025,34.52
07/03/2025,33.95
07/07/2025,36.32
07/08/2025,35.9
07/09/2025,35.41
07/10/2025,35.68
07/11/2025,35.75
07/14/2025,36.57
07/15/2025,36.62
07/16/2025,36.22
07/17/2025,35.96
07/18/2025,35.5
07/21/2025,35.55
07/22/2025,36.13
07/23/2025,35.9
07/24/2025,34.15
07/25/2025,33.42
07/28/2025,34.13
07/29/2025,34.61
07/30/2025,34.63
07/31/2025,35.11
08/01/2025,35.41
08/04/2025,34.75
08/05/2025,34.44
08/06/2025,33.23
08/07/2025,33.5
08/08/2025,32.49
08/11/2025,33.57
08/12/2025,32.86
08/13/2025,33.05
08/14/2025,33.07
08/15/2025,33.46
08/18/2025,33.01
08/19/2025,34.12
08/20/2025,33.86
08/21/2025,34.29
08/22/2025,33.08
08/25/2025,33.88
08/26/2025,33.9
08/27/2025,33.78
08/28/2025,31.07
08/29/2025,31.68
09/02/2025,33.0
09/03/2025,32.14
09/04/2025,31.0
09/05/2025,31.25
09/08/2025,31.36
09/09/2025,31.4
09/10/2025,31.41
09/11/2025,30.85
09/12/2025,31.06
09/15/2025,33.0
09/16/2025,33.53
09/17/2025,33.15
09/18/2025,33.78
09/19/2025,33.63
09/22/2025,35.81
09/23/2025,36.27
09/24/2025,36.05
09/25/2025,36.45
09/26/2025,35.39
09/29/2025,36.73
09/30/2025,37.42
10/01/2025,38.07
10/02/2025,38.13
10/03/2025,38.18
10/06/2025,40.59
10/07/2025,40.25
10/08/2025,40.88
10/09/2025,41.11
10/10/2025,44.77
10/13/2025,43.18
10/14/2025,43.71
10/15/2025,43.0
10/16/2025,44.66
10/17/2025,43.28
10/20/2025,42.5
10/21/2025,41.86
10/22/2025,42.34
10/23/2025,40.7
10/24/2025,40.17
10/27/2025,41.55
10/28/2025,42.13
10/29/2025,43.93
10/30/2025,40.53
10/31/2025,39.97
11/03/2025,40.05
11/04/2025,40.07
11/05/2025,39.39
11/06/2025,40.75
11/07/2025,40.25
11/10/2025,39.26
11/11/2025,38.59
11/12/2025,37.77
11/13/2025,39.84
11/14/2025,39.1
11/17/2025,40.85
11/18/2025,42.52
11/19/2025,42.36
11/20/2025,44.04
11/21/2025,42.21
11/24/2025,39.02
11/25/2025,38.58
11/26/2025,36.72
11/28/2025,35.94
12/01/2025,36.33
12/02/2025,35.73
12/03/2025,35.84
12/04/2025,35.23
12/05/2025,34.56
12/08/2025,35.4
12/09/2025,34.94
12/10/2025,33.27
12/11/2025,32.73
12/12/2025,32.07
12/15/2025,32.54
12/16/2025,32.34
12/17/2025,33.47
12/18/2025,32.7
12/19/2025,31.61
12/22/2025,31.61
12/23/2025,31.27
12/24/2025,31.27
12/26/2025,32.04
12/29/2025,32.95
12/30/2025,32.82
12/31/2025,33.14
01/02/2026,34.16
01/05/2026,35.27
01/06/2026,35.31
01/07/2026,36.6
01/08/2026,36.83
01/09/2026,36.23
01/12/2026,37.01
01/13/2026,37.52
01/14/2026,37.87
01/15/2026,37.29
01/16/2026,36.7
01/20/2026,40.2
01/21/2026,38.61
01/22/2026,38.02
01/23/2026,38.23
01/26/2026,39.25
01/27/2026,39.56
01/28/2026,40.4
01/29/2026,39.87
01/30/2026,39.14
02/02/2026,39.37
02/03/2026,41.22
02/04/2026,42.27
02/05/2026,43.58
02/06/2026,39.79
02/09/2026,39.67
02/10/2026,39.22
02/11/2026,39.15
02/12/2026,42.28
02/13/2026,41.6
02/17/2026,42.33
02/18/2026,41.38
02/19/2026,41.26
02/20/2026,40.74
02/23/2026,43.13
02/24/2026,42.35
02/25/2026,41.3
02/26/2026,39.7
02/27/2026,40.98
03/02/2026,41.45
03/03/2026,42.03
03/04/2026,40.64
03/05/2026,40.54
03/06/2026,44.18
03/09/2026,40.92
03/10/2026,40.37
03/11/2026,38.79
03/12/2026,40.75
03/13/2026,40.6
03/16/2026,39.02
03/17/2026,36.63
03/18/2026,38.25
03/19/2026,38.77
03/20/2026,40.88
03/23/2026,39.56
03/24/2026,40.51
03/25/2026,40.1
03/26/2026,42.31
03/27/2026,44.29
